dataset_id,dataset_family,alpha,model_family,fixed_gbm_row_count,model_matched_row_count,coverage_delta_model_matched_minus_fixed,interval_score_delta_model_matched_minus_fixed,mean_width_delta_model_matched_minus_fixed,selected_variant,selection_rule,claim_status
aif360_lawschool_gpa,aif360,0.1,boosting,32,32,0.00285997986127,-0.0136554482498,-0.00218888496123,no_coverage_eligible_variant,no coverage-eligible variant in paired cell,backend_sensitivity_evidence_not_method_selection
aif360_lawschool_gpa,aif360,0.1,instance_based,8,8,0.00531438800627,0.409114896225,0.352462189799,model_matched_cqr,coverage_eligible_min_interval_score,backend_sensitivity_evidence_not_method_selection
aif360_lawschool_gpa,aif360,0.1,kernel,16,16,0.00436339225778,-0.031802802322,-0.015541002397,no_coverage_eligible_variant,no coverage-eligible variant in paired cell,backend_sensitivity_evidence_not_method_selection
aif360_lawschool_gpa,aif360,0.1,linear,8,8,0.00346833743567,-0.0199071644486,-0.00220318143126,no_coverage_eligible_variant,no coverage-eligible variant in paired cell,backend_sensitivity_evidence_not_method_selection
aif360_lawschool_gpa,aif360,0.1,linear_bayesian,2,2,0.00346833743567,-0.0199071644486,-0.00220318143126,no_coverage_eligible_variant,no coverage-eligible variant in paired cell,backend_sensitivity_evidence_not_method_selection
aif360_lawschool_gpa,aif360,0.1,sparse_linear,12,12,0.00346833743567,-0.0199071644486,-0.00220318143126,no_coverage_eligible_variant,no coverage-eligible variant in paired cell,backend_sensitivity_evidence_not_method_selection
aif360_lawschool_gpa,aif360,0.1,tree_ensemble,16,16,0.0015243902439,0.0418931901294,0.0353815880598,no_coverage_eligible_variant,no coverage-eligible variant in paired cell,backend_sensitivity_evidence_not_method_selection
aif360_lawschool_gpa_dedup,aif360,0.1,boosting,32,32,0.00141776937618,-0.0145438550913,0.0050286311254,model_matched_cqr,coverage_eligible_min_interval_score,backend_sensitivity_evidence_not_method_selection
aif360_lawschool_gpa_dedup,aif360,0.1,instance_based,8,8,-0.0023629489603,0.431049573857,0.319807967282,fixed_gbm_cqr,coverage_eligible_min_interval_score,backend_sensitivity_evidence_not_method_selection
aif360_lawschool_gpa_dedup,aif360,0.1,kernel,16,16,0.000531663516068,-0.0249647593444,-0.0144205035478,model_matched_cqr,coverage_eligible_min_interval_score,backend_sensitivity_evidence_not_method_selection
aif360_lawschool_gpa_dedup,aif360,0.1,linear,8,8,0.00129962192817,0.000461336870447,-0.00872077810504,fixed_gbm_cqr,coverage_eligible_min_interval_score,backend_sensitivity_evidence_not_method_selection
aif360_lawschool_gpa_dedup,aif360,0.1,linear_bayesian,2,2,0.00129962192817,0.000461336870447,-0.00872077810504,fixed_gbm_cqr,coverage_eligible_min_interval_score,backend_sensitivity_evidence_not_method_selection
aif360_lawschool_gpa_dedup,aif360,0.1,sparse_linear,12,12,0.00129962192817,0.000461336870447,-0.00872077810504,fixed_gbm_cqr,coverage_eligible_min_interval_score,backend_sensitivity_evidence_not_method_selection
aif360_lawschool_gpa_dedup,aif360,0.1,tree_ensemble,16,16,0.00279123345936,0.0667954207152,0.0632981852965,fixed_gbm_cqr,coverage_eligible_min_interval_score,backend_sensitivity_evidence_not_method_selection
college_scorecard_2026_median_earnings,college_scorecard,0.1,boosting,48,48,0.00485302345988,4872.03957794,5179.06064663,fixed_gbm_cqr,coverage_eligible_min_interval_score,backend_sensitivity_evidence_not_method_selection
college_scorecard_2026_median_earnings,college_scorecard,0.1,instance_based,12,12,0.0176125688513,8270.33377744,7946.03598905,fixed_gbm_cqr,coverage_eligible_min_interval_score,backend_sensitivity_evidence_not_method_selection
college_scorecard_2026_median_earnings,college_scorecard,0.1,kernel,36,36,0.0070151353261,4609.45156754,5034.56221691,fixed_gbm_cqr,coverage_eligible_min_interval_score,backend_sensitivity_evidence_not_method_selection
college_scorecard_2026_median_earnings,college_scorecard,0.1,linear,12,12,0.0106845733456,890.837193355,2240.85573714,fixed_gbm_cqr,coverage_eligible_min_interval_score,backend_sensitivity_evidence_not_method_selection
college_scorecard_2026_median_earnings,college_scorecard,0.1,linear_bayesian,3,3,0.0106845733456,890.837193355,2240.85573714,fixed_gbm_cqr,coverage_eligible_min_interval_score,backend_sensitivity_evidence_not_method_selection
college_scorecard_2026_median_earnings,college_scorecard,0.1,sparse_linear,18,18,0.0106845733456,890.837193355,2240.85573714,fixed_gbm_cqr,coverage_eligible_min_interval_score,backend_sensitivity_evidence_not_method_selection
college_scorecard_2026_median_earnings,college_scorecard,0.1,tree_ensemble,24,24,0.0103606766242,1988.73870113,3242.36657977,fixed_gbm_cqr,coverage_eligible_min_interval_score,backend_sensitivity_evidence_not_method_selection
hmda_2025_wy_interest_rate,hmda,0.1,boosting,84,84,0.00847561744693,0.0993707767108,0.0673531759671,no_coverage_eligible_variant,no coverage-eligible variant in paired cell,backend_sensitivity_evidence_not_method_selection
hmda_2025_wy_interest_rate,hmda,0.1,instance_based,12,12,0.0205661145046,0.584081601843,0.516329978427,no_coverage_eligible_variant,no coverage-eligible variant in paired cell,backend_sensitivity_evidence_not_method_selection
hmda_2025_wy_interest_rate,hmda,0.1,linear,15,15,0.0379672268575,0.101496799661,0.403423549141,model_matched_cqr,coverage_eligible_min_interval_score,backend_sensitivity_evidence_not_method_selection
hmda_2025_wy_interest_rate,hmda,0.1,linear_bayesian,3,3,0.0379672268575,0.101496799661,0.403423549141,model_matched_cqr,coverage_eligible_min_interval_score,backend_sensitivity_evidence_not_method_selection
hmda_2025_wy_interest_rate,hmda,0.1,sparse_linear,18,18,0.0379672268575,0.101496799661,0.403423549141,model_matched_cqr,coverage_eligible_min_interval_score,backend_sensitivity_evidence_not_method_selection
hmda_2025_wy_interest_rate,hmda,0.1,tree_ensemble,24,24,-0.00196894570203,0.097596149693,-0.0385403039345,no_coverage_eligible_variant,no coverage-eligible variant in paired cell,backend_sensitivity_evidence_not_method_selection
meps_2023_total_expenditure,meps,0.1,boosting,84,84,-0.0202730274623,220.742689115,-420.40055817,fixed_gbm_cqr,coverage_eligible_min_interval_score,backend_sensitivity_evidence_not_method_selection
meps_2023_total_expenditure,meps,0.1,instance_based,12,12,-0.0353803678101,5914.18236253,4430.66179849,fixed_gbm_cqr,coverage_eligible_min_interval_score,backend_sensitivity_evidence_not_method_selection
meps_2023_total_expenditure,meps,0.1,linear,15,15,-0.0203870037303,138.334541667,4633.99885285,fixed_gbm_cqr,coverage_eligible_min_interval_score,backend_sensitivity_evidence_not_method_selection
meps_2023_total_expenditure,meps,0.1,linear_bayesian,3,3,-0.0203870037303,138.334541667,4633.99885285,fixed_gbm_cqr,coverage_eligible_min_interval_score,backend_sensitivity_evidence_not_method_selection
meps_2023_total_expenditure,meps,0.1,sparse_linear,18,18,-0.0203870037303,138.334541667,4633.99885285,fixed_gbm_cqr,coverage_eligible_min_interval_score,backend_sensitivity_evidence_not_method_selection
meps_2023_total_expenditure,meps,0.1,tree_ensemble,24,24,-0.0382522251119,86679.1973161,114175.666847,fixed_gbm_cqr,coverage_eligible_min_interval_score,backend_sensitivity_evidence_not_method_selection
nhanes_2017_2018_bmi,nhanes,0.1,boosting,48,48,-0.00169165105143,-0.0678187907017,0.164078336749,model_matched_cqr,coverage_eligible_min_interval_score,backend_sensitivity_evidence_not_method_selection
nhanes_2017_2018_bmi,nhanes,0.1,instance_based,12,12,-0.00988965230065,3.61458593095,1.6725161724,fixed_gbm_cqr,coverage_eligible_min_interval_score,backend_sensitivity_evidence_not_method_selection
nhanes_2017_2018_bmi,nhanes,0.1,kernel,36,36,-0.00104101603165,1.63438674934,2.15626027655,fixed_gbm_cqr,coverage_eligible_min_interval_score,backend_sensitivity_evidence_not_method_selection
nhanes_2017_2018_bmi,nhanes,0.1,linear,12,12,-0.000416406412659,2.75788955652,3.26874067487,fixed_gbm_cqr,coverage_eligible_min_interval_score,backend_sensitivity_evidence_not_method_selection
nhanes_2017_2018_bmi,nhanes,0.1,linear_bayesian,3,3,-0.000416406412659,2.75788955652,3.26874067487,fixed_gbm_cqr,coverage_eligible_min_interval_score,backend_sensitivity_evidence_not_method_selection
nhanes_2017_2018_bmi,nhanes,0.1,sparse_linear,18,18,-0.000416406412659,2.75788955652,3.26874067487,fixed_gbm_cqr,coverage_eligible_min_interval_score,backend_sensitivity_evidence_not_method_selection
nhanes_2017_2018_bmi,nhanes,0.1,tree_ensemble,24,24,-0.00249843847595,3.39089436308,1.34000782088,fixed_gbm_cqr,coverage_eligible_min_interval_score,backend_sensitivity_evidence_not_method_selection
nhanes_2017_2018_glycohemoglobin,nhanes,0.1,boosting,48,48,0.00249862145023,0.0671950005773,-0.0682461938602,no_coverage_eligible_variant,no coverage-eligible variant in paired cell,backend_sensitivity_evidence_not_method_selection
nhanes_2017_2018_glycohemoglobin,nhanes,0.1,instance_based,12,12,0.00137854976565,0.632697149539,0.0157452956211,no_coverage_eligible_variant,no coverage-eligible variant in paired cell,backend_sensitivity_evidence_not_method_selection
nhanes_2017_2018_glycohemoglobin,nhanes,0.1,kernel,36,36,0.00551419906259,0.0859080554228,-0.0371471285562,model_matched_cqr,coverage_eligible_min_interval_score,backend_sensitivity_evidence_not_method_selection
nhanes_2017_2018_glycohemoglobin,nhanes,0.1,linear,12,12,0.00551419906259,0.08907914844,0.0241911923796,model_matched_cqr,coverage_eligible_min_interval_score,backend_sensitivity_evidence_not_method_selection
nhanes_2017_2018_glycohemoglobin,nhanes,0.1,linear_bayesian,3,3,0.00551419906259,0.08907914844,0.0241911923796,model_matched_cqr,coverage_eligible_min_interval_score,backend_sensitivity_evidence_not_method_selection
nhanes_2017_2018_glycohemoglobin,nhanes,0.1,sparse_linear,18,18,0.00551419906259,0.08907914844,0.0241911923796,model_matched_cqr,coverage_eligible_min_interval_score,backend_sensitivity_evidence_not_method_selection
nhanes_2017_2018_glycohemoglobin,nhanes,0.1,tree_ensemble,24,24,0.00113730355666,0.5894413383,-0.211958132982,no_coverage_eligible_variant,no coverage-eligible variant in paired cell,backend_sensitivity_evidence_not_method_selection
nhanes_2017_2018_systolic_bp,nhanes,0.1,boosting,48,48,0.000356788284934,0.627291238559,-0.153286402057,fixed_gbm_cqr,coverage_eligible_min_interval_score,backend_sensitivity_evidence_not_method_selection
nhanes_2017_2018_systolic_bp,nhanes,0.1,instance_based,12,12,-0.00409530900968,7.31619446593,3.48472513229,fixed_gbm_cqr,coverage_eligible_min_interval_score,backend_sensitivity_evidence_not_method_selection
nhanes_2017_2018_systolic_bp,nhanes,0.1,kernel,36,36,0.000951435426491,-0.162452200129,-0.310444979273,model_matched_cqr,coverage_eligible_min_interval_score,backend_sensitivity_evidence_not_method_selection
nhanes_2017_2018_systolic_bp,nhanes,0.1,linear,12,12,0.00347480764458,-1.25378919909,0.230957646436,model_matched_cqr,coverage_eligible_min_interval_score,backend_sensitivity_evidence_not_method_selection
nhanes_2017_2018_systolic_bp,nhanes,0.1,linear_bayesian,3,3,0.00347480764458,-1.25378919909,0.230957646436,model_matched_cqr,coverage_eligible_min_interval_score,backend_sensitivity_evidence_not_method_selection
nhanes_2017_2018_systolic_bp,nhanes,0.1,sparse_linear,18,18,0.00347480764458,-1.25378919909,0.230957646436,model_matched_cqr,coverage_eligible_min_interval_score,backend_sensitivity_evidence_not_method_selection
nhanes_2017_2018_systolic_bp,nhanes,0.1,tree_ensemble,24,24,-0.00496401092082,6.74450147415,1.4421107263,fixed_gbm_cqr,coverage_eligible_min_interval_score,backend_sensitivity_evidence_not_method_selection
openml_analcatdata_chlamydia,openml,0.1,boosting,80,80,-0.035625,-35832.6474196,-38805.9220301,model_matched_cqr,coverage_eligible_min_interval_score,backend_sensitivity_evidence_not_method_selection
openml_analcatdata_chlamydia,openml,0.1,instance_based,20,20,-0.04,29676.3249315,24990.8523115,fixed_gbm_cqr,coverage_eligible_min_interval_score,backend_sensitivity_evidence_not_method_selection
openml_analcatdata_chlamydia,openml,0.1,kernel,60,60,-0.03,23209.4564989,22765.6166344,fixed_gbm_cqr,coverage_eligible_min_interval_score,backend_sensitivity_evidence_not_method_selection
openml_analcatdata_chlamydia,openml,0.1,linear,20,20,-0.04,11474.1692181,11222.0950542,fixed_gbm_cqr,coverage_eligible_min_interval_score,backend_sensitivity_evidence_not_method_selection
openml_analcatdata_chlamydia,openml,0.1,linear_bayesian,5,5,-0.04,11474.1692181,11222.0950542,fixed_gbm_cqr,coverage_eligible_min_interval_score,backend_sensitivity_evidence_not_method_selection
openml_analcatdata_chlamydia,openml,0.1,sparse_linear,30,30,-0.04,11474.1692181,11222.0950542,fixed_gbm_cqr,coverage_eligible_min_interval_score,backend_sensitivity_evidence_not_method_selection
openml_analcatdata_chlamydia,openml,0.1,tree_ensemble,40,40,-0.03375,-21839.6039228,-27559.0659467,model_matched_cqr,coverage_eligible_min_interval_score,backend_sensitivity_evidence_not_method_selection
openml_analcatdata_hiroshima_rate,openml,0.1,boosting,32,32,-0.0264423076923,0.412724310904,-0.670128692374,fixed_gbm_cqr,coverage_eligible_min_interval_score,backend_sensitivity_evidence_not_method_selection
openml_analcatdata_hiroshima_rate,openml,0.1,instance_based,8,8,-0.0596153846154,3.31698229892,1.92345439556,fixed_gbm_cqr,coverage_eligible_min_interval_score,backend_sensitivity_evidence_not_method_selection
openml_analcatdata_hiroshima_rate,openml,0.1,kernel,24,24,-0.0173076923077,0.953517196175,0.355648946177,fixed_gbm_cqr,coverage_eligible_min_interval_score,backend_sensitivity_evidence_not_method_selection
openml_analcatdata_hiroshima_rate,openml,0.1,linear,8,8,-0.00384615384615,4.47636779886,4.03334880939,fixed_gbm_cqr,coverage_eligible_min_interval_score,backend_sensitivity_evidence_not_method_selection
openml_analcatdata_hiroshima_rate,openml,0.1,linear_bayesian,2,2,-0.00384615384615,4.47636779886,4.03334880939,fixed_gbm_cqr,coverage_eligible_min_interval_score,backend_sensitivity_evidence_not_method_selection
openml_analcatdata_hiroshima_rate,openml,0.1,sparse_linear,12,12,-0.00384615384615,4.47636779886,4.03334880939,fixed_gbm_cqr,coverage_eligible_min_interval_score,backend_sensitivity_evidence_not_method_selection
openml_analcatdata_hiroshima_rate,openml,0.1,tree_ensemble,16,16,-0.0192307692308,2.3048438748,2.30854907579,fixed_gbm_cqr,coverage_eligible_min_interval_score,backend_sensitivity_evidence_not_method_selection
openml_analcatdata_hiroshima_rate_dedup,openml,0.1,boosting,32,32,-0.0299479166667,-20.4538388679,-23.4054788202,model_matched_cqr,coverage_eligible_min_interval_score,backend_sensitivity_evidence_not_method_selection
openml_analcatdata_hiroshima_rate_dedup,openml,0.1,instance_based,8,8,0,40.9583700097,40.6780825699,fixed_gbm_cqr,coverage_eligible_min_interval_score,backend_sensitivity_evidence_not_method_selection
openml_analcatdata_hiroshima_rate_dedup,openml,0.1,kernel,24,24,-0.0208333333333,-31.8665200807,-32.7540061529,model_matched_cqr,coverage_eligible_min_interval_score,backend_sensitivity_evidence_not_method_selection
openml_analcatdata_hiroshima_rate_dedup,openml,0.1,linear,8,8,-0.0625,-35.2741370003,-37.5041228967,model_matched_cqr,coverage_eligible_min_interval_score,backend_sensitivity_evidence_not_method_selection
openml_analcatdata_hiroshima_rate_dedup,openml,0.1,linear_bayesian,2,2,-0.0625,-35.2741370003,-37.5041228967,model_matched_cqr,coverage_eligible_min_interval_score,backend_sensitivity_evidence_not_method_selection
openml_analcatdata_hiroshima_rate_dedup,openml,0.1,sparse_linear,12,12,-0.0625,-35.2741370003,-37.5041228967,model_matched_cqr,coverage_eligible_min_interval_score,backend_sensitivity_evidence_not_method_selection
openml_analcatdata_hiroshima_rate_dedup,openml,0.1,tree_ensemble,16,16,-0.00520833333333,15.0241277439,14.5729141132,fixed_gbm_cqr,coverage_eligible_min_interval_score,backend_sensitivity_evidence_not_method_selection
openml_arsenic_event_rate_panel,openml,0.1,boosting,32,32,-0.013671875,91.3022492035,-38.4618583062,fixed_gbm_cqr,coverage_eligible_min_interval_score,backend_sensitivity_evidence_not_method_selection
openml_arsenic_event_rate_panel,openml,0.1,instance_based,8,8,-0.0301339285714,606.963210059,201.030415218,fixed_gbm_cqr,coverage_eligible_min_interval_score,backend_sensitivity_evidence_not_method_selection
openml_arsenic_event_rate_panel,openml,0.1,kernel,24,24,0.00372023809524,248.629013922,361.832842612,fixed_gbm_cqr,coverage_eligible_min_interval_score,backend_sensitivity_evidence_not_method_selection
openml_arsenic_event_rate_panel,openml,0.1,linear,8,8,0.00223214285714,1309.93292199,1491.32783514,fixed_gbm_cqr,coverage_eligible_min_interval_score,backend_sensitivity_evidence_not_method_selection
openml_arsenic_event_rate_panel,openml,0.1,linear_bayesian,2,2,0.00223214285714,1309.93292199,1491.32783514,fixed_gbm_cqr,coverage_eligible_min_interval_score,backend_sensitivity_evidence_not_method_selection
openml_arsenic_event_rate_panel,openml,0.1,sparse_linear,12,12,0.00223214285714,1309.93292199,1491.32783514,fixed_gbm_cqr,coverage_eligible_min_interval_score,backend_sensitivity_evidence_not_method_selection
openml_arsenic_event_rate_panel,openml,0.1,tree_ensemble,16,16,-0.0390625,5987.35881342,5301.20290432,fixed_gbm_cqr,coverage_eligible_min_interval_score,backend_sensitivity_evidence_not_method_selection
openml_auto_price,openml,0.1,boosting,80,80,-0.0296875,937.46346861,397.397391487,fixed_gbm_cqr,coverage_eligible_min_interval_score,backend_sensitivity_evidence_not_method_selection
openml_auto_price,openml,0.1,instance_based,20,20,-0.040625,-55.3891341887,-1061.46943574,model_matched_cqr,coverage_eligible_min_interval_score,backend_sensitivity_evidence_not_method_selection
openml_auto_price,openml,0.1,kernel,60,60,-0.0291666666667,142.697018126,-648.676723854,fixed_gbm_cqr,coverage_eligible_min_interval_score,backend_sensitivity_evidence_not_method_selection
openml_auto_price,openml,0.1,linear,20,20,-0.0375,-36.5578342697,-717.186891335,model_matched_cqr,coverage_eligible_min_interval_score,backend_sensitivity_evidence_not_method_selection
openml_auto_price,openml,0.1,linear_bayesian,5,5,-0.0375,-36.5578342697,-717.186891335,model_matched_cqr,coverage_eligible_min_interval_score,backend_sensitivity_evidence_not_method_selection
openml_auto_price,openml,0.1,sparse_linear,30,30,-0.0375,-36.5578342697,-717.186891335,model_matched_cqr,coverage_eligible_min_interval_score,backend_sensitivity_evidence_not_method_selection
openml_auto_price,openml,0.1,tree_ensemble,40,40,-0.02421875,-590.5823978,-1392.56452364,model_matched_cqr,coverage_eligible_min_interval_score,backend_sensitivity_evidence_not_method_selection
openml_bodyfat_percentage,openml,0.1,boosting,80,80,0.00637254901961,0.14560573694,1.44626466783,fixed_gbm_cqr,coverage_eligible_min_interval_score,backend_sensitivity_evidence_not_method_selection
openml_bodyfat_percentage,openml,0.1,instance_based,20,20,0.00196078431373,-0.162945904607,0.875312321175,model_matched_cqr,coverage_eligible_min_interval_score,backend_sensitivity_evidence_not_method_selection
openml_bodyfat_percentage,openml,0.1,kernel,60,60,0.0235294117647,-3.45866243869,-0.469037462085,model_matched_cqr,coverage_eligible_min_interval_score,backend_sensitivity_evidence_not_method_selection
openml_bodyfat_percentage,openml,0.1,linear,20,20,0,-4.07074933978,-1.42309745575,model_matched_cqr,coverage_eligible_min_interval_score,backend_sensitivity_evidence_not_method_selection
openml_bodyfat_percentage,openml,0.1,linear_bayesian,5,5,0,-4.07074933978,-1.42309745575,model_matched_cqr,coverage_eligible_min_interval_score,backend_sensitivity_evidence_not_method_selection
openml_bodyfat_percentage,openml,0.1,sparse_linear,30,30,0,-4.07074933978,-1.42309745575,model_matched_cqr,coverage_eligible_min_interval_score,backend_sensitivity_evidence_not_method_selection
openml_bodyfat_percentage,openml,0.1,tree_ensemble,40,40,0.0127450980392,-1.42711659919,0.312799603222,model_matched_cqr,coverage_eligible_min_interval_score,backend_sensitivity_evidence_not_method_selection
openml_california_housing_spatial_cell,openml,0.1,boosting,84,84,-0.0105641452958,32667.6436776,19019.9483414,no_coverage_eligible_variant,no coverage-eligible variant in paired cell,backend_sensitivity_evidence_not_method_selection
openml_california_housing_spatial_cell,openml,0.1,instance_based,12,12,-0.00851051720815,27671.3653439,6142.12876224,no_coverage_eligible_variant,no coverage-eligible variant in paired cell,backend_sensitivity_evidence_not_method_selection
openml_california_housing_spatial_cell,openml,0.1,linear,15,15,0.029484361135,-17124.11731,22487.4217277,no_coverage_eligible_variant,no coverage-eligible variant in paired cell,backend_sensitivity_evidence_not_method_selection
openml_california_housing_spatial_cell,openml,0.1,linear_bayesian,3,3,0.029484361135,-17124.11731,22487.4217277,no_coverage_eligible_variant,no coverage-eligible variant in paired cell,backend_sensitivity_evidence_not_method_selection
openml_california_housing_spatial_cell,openml,0.1,sparse_linear,18,18,0.029484361135,-17124.11731,22487.4217277,no_coverage_eligible_variant,no coverage-eligible variant in paired cell,backend_sensitivity_evidence_not_method_selection
openml_california_housing_spatial_cell,openml,0.1,tree_ensemble,24,24,-0.0107567725847,56676.2141799,12098.8016997,no_coverage_eligible_variant,no coverage-eligible variant in paired cell,backend_sensitivity_evidence_not_method_selection
openml_cholesterol_chol,openml,0.1,boosting,8,8,-0.016393442623,-7.75512396154,-4.05710763156,model_matched_cqr,coverage_eligible_min_interval_score,backend_sensitivity_evidence_not_method_selection
openml_cholesterol_chol,openml,0.1,instance_based,8,8,-0.0286885245902,39.237929662,17.8296183397,fixed_gbm_cqr,coverage_eligible_min_interval_score,backend_sensitivity_evidence_not_method_selection
openml_cholesterol_chol,openml,0.1,kernel,16,16,-0.0614754098361,73.3109659608,43.4743743639,fixed_gbm_cqr,coverage_eligible_min_interval_score,backend_sensitivity_evidence_not_method_selection
openml_cholesterol_chol,openml,0.1,linear,14,14,-0.0245901639344,10.7084009607,11.28542951,fixed_gbm_cqr,coverage_eligible_min_interval_score,backend_sensitivity_evidence_not_method_selection
openml_cholesterol_chol,openml,0.1,linear_bayesian,2,2,-0.0245901639344,10.7084009607,11.28542951,fixed_gbm_cqr,coverage_eligible_min_interval_score,backend_sensitivity_evidence_not_method_selection
openml_cholesterol_chol,openml,0.1,tree_ensemble,16,16,-0.0276639344262,26.0786611778,0.471532390415,fixed_gbm_cqr,coverage_eligible_min_interval_score,backend_sensitivity_evidence_not_method_selection
openml_cps_85_wages,openml,0.1,boosting,32,32,-0.0321261682243,-0.00525765204132,-0.709094231977,fixed_gbm_cqr,coverage_eligible_min_interval_score,backend_sensitivity_evidence_not_method_selection
openml_cps_85_wages,openml,0.1,instance_based,8,8,-0.0420560747664,1.19342398157,-0.143695306778,fixed_gbm_cqr,coverage_eligible_min_interval_score,backend_sensitivity_evidence_not_method_selection
openml_cps_85_wages,openml,0.1,kernel,24,24,-0.0147975077882,-0.675581809773,0.543038830879,model_matched_cqr,coverage_eligible_min_interval_score,backend_sensitivity_evidence_not_method_selection
openml_cps_85_wages,openml,0.1,linear,8,8,-0.018691588785,1.04097151641,0.978026643774,fixed_gbm_cqr,coverage_eligible_min_interval_score,backend_sensitivity_evidence_not_method_selection
openml_cps_85_wages,openml,0.1,linear_bayesian,2,2,-0.018691588785,1.04097151641,0.978026643774,fixed_gbm_cqr,coverage_eligible_min_interval_score,backend_sensitivity_evidence_not_method_selection
openml_cps_85_wages,openml,0.1,sparse_linear,12,12,-0.018691588785,1.04097151641,0.978026643774,fixed_gbm_cqr,coverage_eligible_min_interval_score,backend_sensitivity_evidence_not_method_selection
openml_cps_85_wages,openml,0.1,tree_ensemble,16,16,-0.0379672897196,1.43674208224,0.197902655138,fixed_gbm_cqr,coverage_eligible_min_interval_score,backend_sensitivity_evidence_not_method_selection
openml_delta_elevators_se,openml,0.1,boosting,32,32,0.00372570903361,0.000106879811154,0.000150361390957,no_coverage_eligible_variant,no coverage-eligible variant in paired cell,backend_sensitivity_evidence_not_method_selection
openml_delta_elevators_se,openml,0.1,instance_based,8,8,0.00183823529412,0.000769004233984,0.000361985044529,no_coverage_eligible_variant,no coverage-eligible variant in paired cell,backend_sensitivity_evidence_not_method_selection
openml_delta_elevators_se,openml,0.1,kernel,24,24,0.00582107843137,-5.81853387232e-05,0.000103993464435,model_matched_cqr,coverage_eligible_min_interval_score,backend_sensitivity_evidence_not_method_selection
openml_delta_elevators_se,openml,0.1,linear,8,8,0.00709033613445,-4.86274993855e-05,0.000217694359294,model_matched_cqr,coverage_eligible_min_interval_score,backend_sensitivity_evidence_not_method_selection
openml_delta_elevators_se,openml,0.1,linear_bayesian,2,2,0.00709033613445,-4.86274993855e-05,0.000217694359294,model_matched_cqr,coverage_eligible_min_interval_score,backend_sensitivity_evidence_not_method_selection
openml_delta_elevators_se,openml,0.1,sparse_linear,12,12,0.00709033613445,-4.86274993855e-05,0.000217694359294,model_matched_cqr,coverage_eligible_min_interval_score,backend_sensitivity_evidence_not_method_selection
openml_delta_elevators_se,openml,0.1,tree_ensemble,16,16,0.00475971638655,0.000294493552661,0.000166091068355,model_matched_cqr,coverage_eligible_min_interval_score,backend_sensitivity_evidence_not_method_selection
openml_fishcatch_weight,openml,0.1,boosting,80,80,0.026953125,173.415544091,192.105677085,fixed_gbm_cqr,coverage_eligible_min_interval_score,backend_sensitivity_evidence_not_method_selection
openml_fishcatch_weight,openml,0.1,instance_based,20,20,0.03125,397.115317217,419.122581678,fixed_gbm_cqr,coverage_eligible_min_interval_score,backend_sensitivity_evidence_not_method_selection
openml_fishcatch_weight,openml,0.1,kernel,60,60,0.0208333333333,85.9573298464,108.091320907,fixed_gbm_cqr,coverage_eligible_min_interval_score,backend_sensitivity_evidence_not_method_selection
openml_fishcatch_weight,openml,0.1,linear,20,20,0.05625,342.859964489,377.342363072,fixed_gbm_cqr,coverage_eligible_min_interval_score,backend_sensitivity_evidence_not_method_selection
openml_fishcatch_weight,openml,0.1,linear_bayesian,5,5,0.05625,342.859964489,377.342363072,fixed_gbm_cqr,coverage_eligible_min_interval_score,backend_sensitivity_evidence_not_method_selection
openml_fishcatch_weight,openml,0.1,sparse_linear,30,30,0.05625,342.859964489,377.342363072,fixed_gbm_cqr,coverage_eligible_min_interval_score,backend_sensitivity_evidence_not_method_selection
openml_fishcatch_weight,openml,0.1,tree_ensemble,40,40,0.02890625,-10.9358476666,-14.7728742281,model_matched_cqr,coverage_eligible_min_interval_score,backend_sensitivity_evidence_not_method_selection
openml_kin8nm_y,openml,0.1,boosting,32,32,-0.00179225137279,0.0308056887857,0.0285201100403,fixed_gbm_cqr,coverage_eligible_min_interval_score,backend_sensitivity_evidence_not_method_selection
openml_kin8nm_y,openml,0.1,instance_based,8,8,0.00137278828554,-0.0310019025351,-0.069487646147,model_matched_cqr,coverage_eligible_min_interval_score,backend_sensitivity_evidence_not_method_selection
openml_kin8nm_y,openml,0.1,kernel,24,24,0.000966036200935,-0.0100906464781,-0.0150975855921,model_matched_cqr,coverage_eligible_min_interval_score,backend_sensitivity_evidence_not_method_selection
openml_kin8nm_y,openml,0.1,linear,8,8,0.00427089688835,0.0979609321392,0.0789325278035,fixed_gbm_cqr,coverage_eligible_min_interval_score,backend_sensitivity_evidence_not_method_selection
openml_kin8nm_y,openml,0.1,linear_bayesian,2,2,0.00427089688835,0.0979609321392,0.0789325278035,fixed_gbm_cqr,coverage_eligible_min_interval_score,backend_sensitivity_evidence_not_method_selection
openml_kin8nm_y,openml,0.1,sparse_linear,12,12,0.00427089688835,0.0979609321392,0.0789325278035,fixed_gbm_cqr,coverage_eligible_min_interval_score,backend_sensitivity_evidence_not_method_selection
openml_kin8nm_y,openml,0.1,tree_ensemble,16,16,0.00968578401464,0.00290879037213,0.00329600789344,fixed_gbm_cqr,coverage_eligible_min_interval_score,backend_sensitivity_evidence_not_method_selection
openml_mtp2_oz1143,openml,0.1,boosting,32,32,0.00284090909091,-0.067697193184,-0.0280445744366,model_matched_cqr,coverage_eligible_min_interval_score,backend_sensitivity_evidence_not_method_selection
openml_mtp2_oz1143,openml,0.1,instance_based,8,8,0.0227272727273,0.0618616035901,0.0790455999925,model_matched_cqr,coverage_eligible_min_interval_score,backend_sensitivity_evidence_not_method_selection
openml_mtp2_oz1143,openml,0.1,kernel,24,24,0.00757575757576,-0.097951456081,-0.0473683388396,model_matched_cqr,coverage_eligible_min_interval_score,backend_sensitivity_evidence_not_method_selection
openml_mtp2_oz1143,openml,0.1,linear,8,8,0.0454545454545,0.25368558137,0.297356525226,model_matched_cqr,coverage_eligible_min_interval_score,backend_sensitivity_evidence_not_method_selection
openml_mtp2_oz1143,openml,0.1,linear_bayesian,2,2,0.0454545454545,0.25368558137,0.297356525226,model_matched_cqr,coverage_eligible_min_interval_score,backend_sensitivity_evidence_not_method_selection
openml_mtp2_oz1143,openml,0.1,sparse_linear,12,12,0.0454545454545,0.25368558137,0.297356525226,model_matched_cqr,coverage_eligible_min_interval_score,backend_sensitivity_evidence_not_method_selection
openml_mtp2_oz1143,openml,0.1,tree_ensemble,16,16,0.0193181818182,-0.0917411295749,-0.0554671746594,model_matched_cqr,coverage_eligible_min_interval_score,backend_sensitivity_evidence_not_method_selection
openml_plasma_retinol,openml,0.1,boosting,8,8,-0.00793650793651,21.0872269782,-25.5267653841,fixed_gbm_cqr,coverage_eligible_min_interval_score,backend_sensitivity_evidence_not_method_selection
openml_plasma_retinol,openml,0.1,instance_based,8,8,0,69.7789715674,29.2689278908,fixed_gbm_cqr,coverage_eligible_min_interval_score,backend_sensitivity_evidence_not_method_selection
openml_plasma_retinol,openml,0.1,kernel,16,16,-0.00793650793651,219.033562474,214.723711515,fixed_gbm_cqr,coverage_eligible_min_interval_score,backend_sensitivity_evidence_not_method_selection
openml_plasma_retinol,openml,0.1,linear,14,14,-0.031746031746,26.4643205011,-56.4778475628,fixed_gbm_cqr,coverage_eligible_min_interval_score,backend_sensitivity_evidence_not_method_selection
openml_plasma_retinol,openml,0.1,linear_bayesian,2,2,-0.031746031746,26.4643205011,-56.4778475628,fixed_gbm_cqr,coverage_eligible_min_interval_score,backend_sensitivity_evidence_not_method_selection
openml_plasma_retinol,openml,0.1,tree_ensemble,16,16,-0.00793650793651,7.8535592488,-19.7889705066,fixed_gbm_cqr,coverage_eligible_min_interval_score,backend_sensitivity_evidence_not_method_selection
openml_sensory_score,openml,0.1,boosting,80,80,0.00911458333333,-0.152865206986,-0.0165449293043,model_matched_cqr,coverage_eligible_min_interval_score,backend_sensitivity_evidence_not_method_selection
openml_sensory_score,openml,0.1,instance_based,20,20,0.0302083333333,0.12695551858,0.267578082343,fixed_gbm_cqr,coverage_eligible_min_interval_score,backend_sensitivity_evidence_not_method_selection
openml_sensory_score,openml,0.1,kernel,60,60,0.0196180555556,0.206599039044,0.356880973945,fixed_gbm_cqr,coverage_eligible_min_interval_score,backend_sensitivity_evidence_not_method_selection
openml_sensory_score,openml,0.1,linear,20,20,0.003125,0.0810859173406,0.101347730564,fixed_gbm_cqr,coverage_eligible_min_interval_score,backend_sensitivity_evidence_not_method_selection
openml_sensory_score,openml,0.1,linear_bayesian,5,5,0.003125,0.0810859173406,0.101347730564,fixed_gbm_cqr,coverage_eligible_min_interval_score,backend_sensitivity_evidence_not_method_selection
openml_sensory_score,openml,0.1,sparse_linear,30,30,0.003125,0.0810859173406,0.101347730564,fixed_gbm_cqr,coverage_eligible_min_interval_score,backend_sensitivity_evidence_not_method_selection
openml_sensory_score,openml,0.1,tree_ensemble,40,40,0.0135416666667,0.00495124151177,0.0713934405554,fixed_gbm_cqr,coverage_eligible_min_interval_score,backend_sensitivity_evidence_not_method_selection
pisa_2022_math_pv_mean,pisa,0.1,boosting,48,48,0.00234127836148,8.24489493776,8.6906796469,fixed_gbm_cqr,coverage_eligible_min_interval_score,backend_sensitivity_evidence_not_method_selection
pisa_2022_math_pv_mean,pisa,0.1,instance_based,12,12,0.00781831820579,45.5686777463,38.9728247075,fixed_gbm_cqr,coverage_eligible_min_interval_score,backend_sensitivity_evidence_not_method_selection
pisa_2022_math_pv_mean,pisa,0.1,kernel,36,36,0.00114290262683,26.9532126647,25.8849900237,fixed_gbm_cqr,coverage_eligible_min_interval_score,backend_sensitivity_evidence_not_method_selection
pisa_2022_math_pv_mean,pisa,0.1,linear,12,12,-0.00437340585733,29.6335826779,21.8795542057,fixed_gbm_cqr,coverage_eligible_min_interval_score,backend_sensitivity_evidence_not_method_selection
pisa_2022_math_pv_mean,pisa,0.1,linear_bayesian,3,3,-0.00437340585733,29.6335826779,21.8795542057,fixed_gbm_cqr,coverage_eligible_min_interval_score,backend_sensitivity_evidence_not_method_selection
pisa_2022_math_pv_mean,pisa,0.1,sparse_linear,18,18,-0.00437340585733,29.6335826779,21.8795542057,fixed_gbm_cqr,coverage_eligible_min_interval_score,backend_sensitivity_evidence_not_method_selection
pisa_2022_math_pv_mean,pisa,0.1,tree_ensemble,24,24,0.00178462956699,16.7379195497,13.5461459776,fixed_gbm_cqr,coverage_eligible_min_interval_score,backend_sensitivity_evidence_not_method_selection
scf_2022_networth,scf,0.1,boosting,84,84,0.00225141199026,11838810.8658,-10093151.8591,model_matched_cqr,coverage_eligible_min_interval_score,backend_sensitivity_evidence_not_method_selection
scf_2022_networth,scf,0.1,instance_based,12,12,0.0118607181719,223259195.042,221562465.633,model_matched_cqr,coverage_eligible_min_interval_score,backend_sensitivity_evidence_not_method_selection
scf_2022_networth,scf,0.1,linear,15,15,0.0121871599565,157685956558,157646349129,model_matched_cqr,coverage_eligible_min_interval_score,backend_sensitivity_evidence_not_method_selection
scf_2022_networth,scf,0.1,linear_bayesian,3,3,0.0121871599565,157685956558,157646349129,model_matched_cqr,coverage_eligible_min_interval_score,backend_sensitivity_evidence_not_method_selection
scf_2022_networth,scf,0.1,sparse_linear,18,18,0.0121871599565,157685956558,157646349129,model_matched_cqr,coverage_eligible_min_interval_score,backend_sensitivity_evidence_not_method_selection
scf_2022_networth,scf,0.1,tree_ensemble,24,24,0.00641095393544,39628399.7073,48418844.2578,model_matched_cqr,coverage_eligible_min_interval_score,backend_sensitivity_evidence_not_method_selection
stackoverflow_2025_compensation,stackoverflow,0.1,boosting,84,84,-0.00148374589919,11422.5425884,4138.56306528,fixed_gbm_cqr,coverage_eligible_min_interval_score,backend_sensitivity_evidence_not_method_selection
stackoverflow_2025_compensation,stackoverflow,0.1,instance_based,12,12,-0.000730688935282,63959.3076091,71478.2643812,fixed_gbm_cqr,coverage_eligible_min_interval_score,backend_sensitivity_evidence_not_method_selection
stackoverflow_2025_compensation,stackoverflow,0.1,linear,15,15,-0.00153096729297,60266.0331031,51209.2072861,fixed_gbm_cqr,coverage_eligible_min_interval_score,backend_sensitivity_evidence_not_method_selection
stackoverflow_2025_compensation,stackoverflow,0.1,linear_bayesian,3,3,-0.00153096729297,60266.0331031,51209.2072861,fixed_gbm_cqr,coverage_eligible_min_interval_score,backend_sensitivity_evidence_not_method_selection
stackoverflow_2025_compensation,stackoverflow,0.1,sparse_linear,18,18,-0.00153096729297,60266.0331031,51209.2072861,fixed_gbm_cqr,coverage_eligible_min_interval_score,backend_sensitivity_evidence_not_method_selection
stackoverflow_2025_compensation,stackoverflow,0.1,tree_ensemble,24,24,-0.00331419624217,41154.5670104,52740.9654105,fixed_gbm_cqr,coverage_eligible_min_interval_score,backend_sensitivity_evidence_not_method_selection
uci_auto_mpg,uci,0.1,boosting,32,32,0.015234375,1.41887018443,1.71614430536,fixed_gbm_cqr,coverage_eligible_min_interval_score,backend_sensitivity_evidence_not_method_selection
uci_auto_mpg,uci,0.1,instance_based,8,8,0.021875,0.54139756251,0.318505769288,fixed_gbm_cqr,coverage_eligible_min_interval_score,backend_sensitivity_evidence_not_method_selection
uci_auto_mpg,uci,0.1,kernel,24,24,0.021875,-0.0288490746191,0.864133358141,model_matched_cqr,coverage_eligible_min_interval_score,backend_sensitivity_evidence_not_method_selection
uci_auto_mpg,uci,0.1,linear,8,8,0.0125,1.70509970084,2.30171150701,fixed_gbm_cqr,coverage_eligible_min_interval_score,backend_sensitivity_evidence_not_method_selection
uci_auto_mpg,uci,0.1,linear_bayesian,2,2,0.0125,1.70509970084,2.30171150701,fixed_gbm_cqr,coverage_eligible_min_interval_score,backend_sensitivity_evidence_not_method_selection
uci_auto_mpg,uci,0.1,sparse_linear,12,12,0.0125,1.70509970084,2.30171150701,fixed_gbm_cqr,coverage_eligible_min_interval_score,backend_sensitivity_evidence_not_method_selection
uci_auto_mpg,uci,0.1,tree_ensemble,16,16,0.0359375,-0.290072643615,0.74803080904,model_matched_cqr,coverage_eligible_min_interval_score,backend_sensitivity_evidence_not_method_selection
uci_bike_sharing,uci,0.1,boosting,32,32,-0.00695240825688,140.791970542,76.0039948385,no_coverage_eligible_variant,no coverage-eligible variant in paired cell,backend_sensitivity_evidence_not_method_selection
uci_bike_sharing,uci,0.1,instance_based,8,8,0.0270928899083,369.436276069,229.140138947,no_coverage_eligible_variant,no coverage-eligible variant in paired cell,backend_sensitivity_evidence_not_method_selection
uci_bike_sharing,uci,0.1,kernel,24,24,0.0452742737003,374.368553891,280.635301892,no_coverage_eligible_variant,no coverage-eligible variant in paired cell,backend_sensitivity_evidence_not_method_selection
uci_bike_sharing,uci,0.1,linear,8,8,0.0807052752294,380.080285539,397.992135452,model_matched_cqr,coverage_eligible_min_interval_score,backend_sensitivity_evidence_not_method_selection
uci_bike_sharing,uci,0.1,linear_bayesian,2,2,0.0807052752294,380.080285539,397.992135452,model_matched_cqr,coverage_eligible_min_interval_score,backend_sensitivity_evidence_not_method_selection
uci_bike_sharing,uci,0.1,sparse_linear,12,12,0.0807052752294,380.080285539,397.992135452,model_matched_cqr,coverage_eligible_min_interval_score,backend_sensitivity_evidence_not_method_selection
uci_bike_sharing,uci,0.1,tree_ensemble,16,16,0.0125967603211,277.811364671,111.23329851,no_coverage_eligible_variant,no coverage-eligible variant in paired cell,backend_sensitivity_evidence_not_method_selection
uci_communities_crime,uci,0.1,boosting,32,32,-0.00234962406015,0.0177322883723,0.0107121873467,no_coverage_eligible_variant,no coverage-eligible variant in paired cell,backend_sensitivity_evidence_not_method_selection
uci_communities_crime,uci,0.1,instance_based,8,8,-0.00438596491228,0.158296133758,0.0737149726189,no_coverage_eligible_variant,no coverage-eligible variant in paired cell,backend_sensitivity_evidence_not_method_selection
uci_communities_crime,uci,0.1,kernel,24,24,0.00125313283208,0.00955183586751,0.0141755219756,model_matched_cqr,coverage_eligible_min_interval_score,backend_sensitivity_evidence_not_method_selection
uci_communities_crime,uci,0.1,linear,8,8,0.0125313283208,-0.0261628414273,0.0282672195779,model_matched_cqr,coverage_eligible_min_interval_score,backend_sensitivity_evidence_not_method_selection
uci_communities_crime,uci,0.1,linear_bayesian,2,2,0.0125313283208,-0.0261628414273,0.0282672195779,model_matched_cqr,coverage_eligible_min_interval_score,backend_sensitivity_evidence_not_method_selection
uci_communities_crime,uci,0.1,sparse_linear,12,12,0.0125313283208,-0.0261628414273,0.0282672195779,model_matched_cqr,coverage_eligible_min_interval_score,backend_sensitivity_evidence_not_method_selection
uci_communities_crime,uci,0.1,tree_ensemble,16,16,0.00516917293233,-0.025521342125,0.00152690743407,model_matched_cqr,coverage_eligible_min_interval_score,backend_sensitivity_evidence_not_method_selection
uci_student_performance_no_prior_grades,uci,0.1,boosting,32,32,-0.0286057692308,0.516974312042,-0.179419907392,fixed_gbm_cqr,coverage_eligible_min_interval_score,backend_sensitivity_evidence_not_method_selection
uci_student_performance_no_prior_grades,uci,0.1,instance_based,8,8,-0.00769230769231,2.47953659305,0.377448072861,fixed_gbm_cqr,coverage_eligible_min_interval_score,backend_sensitivity_evidence_not_method_selection
uci_student_performance_no_prior_grades,uci,0.1,kernel,24,24,-0.0288461538462,1.51055424032,0.289960156201,fixed_gbm_cqr,coverage_eligible_min_interval_score,backend_sensitivity_evidence_not_method_selection
uci_student_performance_no_prior_grades,uci,0.1,linear,8,8,-0.0192307692308,0.699206605056,1.02512948454,fixed_gbm_cqr,coverage_eligible_min_interval_score,backend_sensitivity_evidence_not_method_selection
uci_student_performance_no_prior_grades,uci,0.1,linear_bayesian,2,2,-0.0192307692308,0.699206605056,1.02512948454,fixed_gbm_cqr,coverage_eligible_min_interval_score,backend_sensitivity_evidence_not_method_selection
uci_student_performance_no_prior_grades,uci,0.1,sparse_linear,12,12,-0.0192307692308,0.699206605056,1.02512948454,fixed_gbm_cqr,coverage_eligible_min_interval_score,backend_sensitivity_evidence_not_method_selection
uci_student_performance_no_prior_grades,uci,0.1,tree_ensemble,16,16,-0.0182692307692,0.882461509253,0.228301925207,fixed_gbm_cqr,coverage_eligible_min_interval_score,backend_sensitivity_evidence_not_method_selection
uci_student_performance_with_prior_grades,uci,0.1,boosting,32,32,-0.0240384615385,0.474238030045,-0.670375804113,no_coverage_eligible_variant,no coverage-eligible variant in paired cell,backend_sensitivity_evidence_not_method_selection
uci_student_performance_with_prior_grades,uci,0.1,instance_based,8,8,-0.00576923076923,3.59908996915,0.533575578983,no_coverage_eligible_variant,no coverage-eligible variant in paired cell,backend_sensitivity_evidence_not_method_selection
uci_student_performance_with_prior_grades,uci,0.1,kernel,24,24,-0.0320512820513,0.361564977296,-1.33873315095,no_coverage_eligible_variant,no coverage-eligible variant in paired cell,backend_sensitivity_evidence_not_method_selection
uci_student_performance_with_prior_grades,uci,0.1,linear,8,8,-0.00384615384615,0.768494697259,-1.10528793902,no_coverage_eligible_variant,no coverage-eligible variant in paired cell,backend_sensitivity_evidence_not_method_selection
uci_student_performance_with_prior_grades,uci,0.1,linear_bayesian,2,2,-0.00384615384615,0.768494697259,-1.10528793902,no_coverage_eligible_variant,no coverage-eligible variant in paired cell,backend_sensitivity_evidence_not_method_selection
uci_student_performance_with_prior_grades,uci,0.1,sparse_linear,12,12,-0.00384615384615,0.768494697259,-1.10528793902,no_coverage_eligible_variant,no coverage-eligible variant in paired cell,backend_sensitivity_evidence_not_method_selection
uci_student_performance_with_prior_grades,uci,0.1,tree_ensemble,16,16,0.0466346153846,1.00205026831,0.457819794549,model_matched_cqr,coverage_eligible_min_interval_score,backend_sensitivity_evidence_not_method_selection
uci_wine_quality,uci,0.1,boosting,32,32,0.00447115384615,0.0461320678484,-0.0131448786256,no_coverage_eligible_variant,no coverage-eligible variant in paired cell,backend_sensitivity_evidence_not_method_selection
uci_wine_quality,uci,0.1,instance_based,8,8,0.0221153846154,0.317065792501,-0.336693195888,model_matched_cqr,coverage_eligible_min_interval_score,backend_sensitivity_evidence_not_method_selection
uci_wine_quality,uci,0.1,kernel,24,24,0.00230769230769,0.195130193131,0.167424573714,no_coverage_eligible_variant,no coverage-eligible variant in paired cell,backend_sensitivity_evidence_not_method_selection
uci_wine_quality,uci,0.1,linear,8,8,0.00346153846154,0.304768033021,0.276956742356,no_coverage_eligible_variant,no coverage-eligible variant in paired cell,backend_sensitivity_evidence_not_method_selection
uci_wine_quality,uci,0.1,linear_bayesian,2,2,0.00346153846154,0.304768033021,0.276956742356,no_coverage_eligible_variant,no coverage-eligible variant in paired cell,backend_sensitivity_evidence_not_method_selection
uci_wine_quality,uci,0.1,sparse_linear,12,12,0.00346153846154,0.304768033021,0.276956742356,no_coverage_eligible_variant,no coverage-eligible variant in paired cell,backend_sensitivity_evidence_not_method_selection
uci_wine_quality,uci,0.1,tree_ensemble,16,16,0.0202403846154,-0.0788524994078,-0.0662005943598,model_matched_cqr,coverage_eligible_min_interval_score,backend_sensitivity_evidence_not_method_selection
uci_wine_quality_dedup,uci,0.1,boosting,32,32,-0.00381813909774,0.0322115632946,-0.00851545856426,fixed_gbm_cqr,coverage_eligible_min_interval_score,backend_sensitivity_evidence_not_method_selection
uci_wine_quality_dedup,uci,0.1,instance_based,8,8,0.0223214285714,0.373022234473,-0.0668773699892,fixed_gbm_cqr,coverage_eligible_min_interval_score,backend_sensitivity_evidence_not_method_selection
uci_wine_quality_dedup,uci,0.1,kernel,24,24,0.00258458646617,0.065472763396,0.150061881786,fixed_gbm_cqr,coverage_eligible_min_interval_score,backend_sensitivity_evidence_not_method_selection
uci_wine_quality_dedup,uci,0.1,linear,8,8,0.00375939849624,0.115246203017,0.21020348917,fixed_gbm_cqr,coverage_eligible_min_interval_score,backend_sensitivity_evidence_not_method_selection
uci_wine_quality_dedup,uci,0.1,linear_bayesian,2,2,0.00375939849624,0.115246203017,0.21020348917,fixed_gbm_cqr,coverage_eligible_min_interval_score,backend_sensitivity_evidence_not_method_selection
uci_wine_quality_dedup,uci,0.1,sparse_linear,12,12,0.00375939849624,0.115246203017,0.21020348917,fixed_gbm_cqr,coverage_eligible_min_interval_score,backend_sensitivity_evidence_not_method_selection
uci_wine_quality_dedup,uci,0.1,tree_ensemble,16,16,0.0115718984962,-0.0420538018109,0.0357257655603,model_matched_cqr,coverage_eligible_min_interval_score,backend_sensitivity_evidence_not_method_selection
