chunk_id,chunk_index,paired_cell_start_index,paired_cell_end_index,paired_cell_count,method_row_count,first_paired_cell_key,last_paired_cell_key,first_method_row_key,last_method_row_key,source_dataset_id_first,source_dataset_id_last,task_variant_id_first,task_variant_id_last,run_grid_path,status_ledger_path,checkpoint_dir_template,planned_status,attempted,completed,failed,skipped,dry_run_command
benchmark_v2_chunk_0001,1,1,200,200,1000,aif360_lawschool|aif360_lawschool:aif360_lawschool_gpa:iid|iid|0.01|101|1adfb20a71582b08|ridge|ridge_benchmark_v2_primary_v1|benchmark_v2_fold_local_preprocessing_v1,aif360_lawschool|aif360_lawschool:aif360_lawschool_gpa:iid|iid|0.1|907|b6c2562e2957ee4c|random_forest|random_forest_benchmark_v2_primary_v1|benchmark_v2_fold_local_preprocessing_v1,aif360_lawschool|aif360_lawschool:aif360_lawschool_gpa:iid|iid|0.01|101|1adfb20a71582b08|ridge|ridge_benchmark_v2_primary_v1|benchmark_v2_fold_local_preprocessing_v1|split_abs_benchmark_v2_v1,aif360_lawschool|aif360_lawschool:aif360_lawschool_gpa:iid|iid|0.1|907|b6c2562e2957ee4c|random_forest|random_forest_benchmark_v2_primary_v1|benchmark_v2_fold_local_preprocessing_v1|mondrian_abs_benchmark_v2_v1,aif360_lawschool,aif360_lawschool,aif360_lawschool:aif360_lawschool_gpa:iid,aif360_lawschool:aif360_lawschool_gpa:iid,atlas/benchmark_v2/preflight/run_grid_manifest_candidate.csv.gz,atlas/benchmark_v2/preflight/run_status_ledger_initial.csv.gz,benchmark_v2/checkpoints/benchmark_v2_chunk_0001/,planned_not_attempted,false,false,false,false,python -m experiments.regression.scripts.run_benchmark_v2_chunk --chunk-id benchmark_v2_chunk_0001 --package-root . --dry-run
benchmark_v2_chunk_0002,2,201,400,200,1000,aif360_lawschool|aif360_lawschool:aif360_lawschool_gpa:iid|iid|0.1|907|b6c2562e2957ee4c|extra_trees|extra_trees_benchmark_v2_primary_v1|benchmark_v2_fold_local_preprocessing_v1,aif360_lawschool|aif360_lawschool:aif360_lawschool_gpa_dedup:grouped|grouped|0.01|811|5b4d89b8da5dc332|ridge|ridge_benchmark_v2_primary_v1|benchmark_v2_fold_local_preprocessing_v1,aif360_lawschool|aif360_lawschool:aif360_lawschool_gpa:iid|iid|0.1|907|b6c2562e2957ee4c|extra_trees|extra_trees_benchmark_v2_primary_v1|benchmark_v2_fold_local_preprocessing_v1|split_abs_benchmark_v2_v1,aif360_lawschool|aif360_lawschool:aif360_lawschool_gpa_dedup:grouped|grouped|0.01|811|5b4d89b8da5dc332|ridge|ridge_benchmark_v2_primary_v1|benchmark_v2_fold_local_preprocessing_v1|mondrian_abs_benchmark_v2_v1,aif360_lawschool,aif360_lawschool,aif360_lawschool:aif360_lawschool_gpa:iid,aif360_lawschool:aif360_lawschool_gpa_dedup:grouped,atlas/benchmark_v2/preflight/run_grid_manifest_candidate.csv.gz,atlas/benchmark_v2/preflight/run_status_ledger_initial.csv.gz,benchmark_v2/checkpoints/benchmark_v2_chunk_0002/,planned_not_attempted,false,false,false,false,python -m experiments.regression.scripts.run_benchmark_v2_chunk --chunk-id benchmark_v2_chunk_0002 --package-root . --dry-run
benchmark_v2_chunk_0003,3,401,600,200,1000,aif360_lawschool|aif360_lawschool:aif360_lawschool_gpa_dedup:grouped|grouped|0.01|811|5b4d89b8da5dc332|elastic_net|elastic_net_benchmark_v2_primary_v1|benchmark_v2_fold_local_preprocessing_v1,aif360_lawschool|aif360_lawschool:aif360_lawschool_gpa_dedup:grouped|grouped|0.15|607|64d4c89cd4c12692|extra_trees|extra_trees_benchmark_v2_primary_v1|benchmark_v2_fold_local_preprocessing_v1,aif360_lawschool|aif360_lawschool:aif360_lawschool_gpa_dedup:grouped|grouped|0.01|811|5b4d89b8da5dc332|elastic_net|elastic_net_benchmark_v2_primary_v1|benchmark_v2_fold_local_preprocessing_v1|split_abs_benchmark_v2_v1,aif360_lawschool|aif360_lawschool:aif360_lawschool_gpa_dedup:grouped|grouped|0.15|607|64d4c89cd4c12692|extra_trees|extra_trees_benchmark_v2_primary_v1|benchmark_v2_fold_local_preprocessing_v1|mondrian_abs_benchmark_v2_v1,aif360_lawschool,aif360_lawschool,aif360_lawschool:aif360_lawschool_gpa_dedup:grouped,aif360_lawschool:aif360_lawschool_gpa_dedup:grouped,atlas/benchmark_v2/preflight/run_grid_manifest_candidate.csv.gz,atlas/benchmark_v2/preflight/run_status_ledger_initial.csv.gz,benchmark_v2/checkpoints/benchmark_v2_chunk_0003/,planned_not_attempted,false,false,false,false,python -m experiments.regression.scripts.run_benchmark_v2_chunk --chunk-id benchmark_v2_chunk_0003 --package-root . --dry-run
benchmark_v2_chunk_0004,4,601,800,200,1000,aif360_lawschool|aif360_lawschool:aif360_lawschool_gpa_dedup:grouped|grouped|0.15|607|64d4c89cd4c12692|knn|knn_benchmark_v2_primary_v1|benchmark_v2_fold_local_preprocessing_v1,college_scorecard_2026|college_scorecard_2026:college_scorecard_2026_median_earnings:grouped|grouped|0.05|503|0eb4b0e52768abc0|elastic_net|elastic_net_benchmark_v2_primary_v1|benchmark_v2_fold_local_preprocessing_v1,aif360_lawschool|aif360_lawschool:aif360_lawschool_gpa_dedup:grouped|grouped|0.15|607|64d4c89cd4c12692|knn|knn_benchmark_v2_primary_v1|benchmark_v2_fold_local_preprocessing_v1|split_abs_benchmark_v2_v1,college_scorecard_2026|college_scorecard_2026:college_scorecard_2026_median_earnings:grouped|grouped|0.05|503|0eb4b0e52768abc0|elastic_net|elastic_net_benchmark_v2_primary_v1|benchmark_v2_fold_local_preprocessing_v1|mondrian_abs_benchmark_v2_v1,aif360_lawschool,college_scorecard_2026,aif360_lawschool:aif360_lawschool_gpa_dedup:grouped,college_scorecard_2026:college_scorecard_2026_median_earnings:grouped,atlas/benchmark_v2/preflight/run_grid_manifest_candidate.csv.gz,atlas/benchmark_v2/preflight/run_status_ledger_initial.csv.gz,benchmark_v2/checkpoints/benchmark_v2_chunk_0004/,planned_not_attempted,false,false,false,false,python -m experiments.regression.scripts.run_benchmark_v2_chunk --chunk-id benchmark_v2_chunk_0004 --package-root . --dry-run
benchmark_v2_chunk_0005,5,801,1000,200,1000,college_scorecard_2026|college_scorecard_2026:college_scorecard_2026_median_earnings:grouped|grouped|0.05|503|0eb4b0e52768abc0|hist_gradient_boosting|hist_gradient_boosting_benchmark_v2_primary_v1|benchmark_v2_fold_local_preprocessing_v1,college_scorecard_2026|college_scorecard_2026:college_scorecard_2026_median_earnings:grouped|grouped|0.2|307|e6c4aa607268945c|knn|knn_benchmark_v2_primary_v1|benchmark_v2_fold_local_preprocessing_v1,college_scorecard_2026|college_scorecard_2026:college_scorecard_2026_median_earnings:grouped|grouped|0.05|503|0eb4b0e52768abc0|hist_gradient_boosting|hist_gradient_boosting_benchmark_v2_primary_v1|benchmark_v2_fold_local_preprocessing_v1|split_abs_benchmark_v2_v1,college_scorecard_2026|college_scorecard_2026:college_scorecard_2026_median_earnings:grouped|grouped|0.2|307|e6c4aa607268945c|knn|knn_benchmark_v2_primary_v1|benchmark_v2_fold_local_preprocessing_v1|mondrian_abs_benchmark_v2_v1,college_scorecard_2026,college_scorecard_2026,college_scorecard_2026:college_scorecard_2026_median_earnings:grouped,college_scorecard_2026:college_scorecard_2026_median_earnings:grouped,atlas/benchmark_v2/preflight/run_grid_manifest_candidate.csv.gz,atlas/benchmark_v2/preflight/run_status_ledger_initial.csv.gz,benchmark_v2/checkpoints/benchmark_v2_chunk_0005/,planned_not_attempted,false,false,false,false,python -m experiments.regression.scripts.run_benchmark_v2_chunk --chunk-id benchmark_v2_chunk_0005 --package-root . --dry-run
benchmark_v2_chunk_0006,6,1001,1200,200,1000,college_scorecard_2026|college_scorecard_2026:college_scorecard_2026_median_earnings:grouped|grouped|0.2|307|e6c4aa607268945c|nystroem_svr|nystroem_svr_benchmark_v2_primary_v1|benchmark_v2_fold_local_preprocessing_v1,college_scorecard_2026|college_scorecard_2026:college_scorecard_2026_median_earnings:iid|iid|0.1|211|e1a4cdd73190919a|hist_gradient_boosting|hist_gradient_boosting_benchmark_v2_primary_v1|benchmark_v2_fold_local_preprocessing_v1,college_scorecard_2026|college_scorecard_2026:college_scorecard_2026_median_earnings:grouped|grouped|0.2|307|e6c4aa607268945c|nystroem_svr|nystroem_svr_benchmark_v2_primary_v1|benchmark_v2_fold_local_preprocessing_v1|split_abs_benchmark_v2_v1,college_scorecard_2026|college_scorecard_2026:college_scorecard_2026_median_earnings:iid|iid|0.1|211|e1a4cdd73190919a|hist_gradient_boosting|hist_gradient_boosting_benchmark_v2_primary_v1|benchmark_v2_fold_local_preprocessing_v1|mondrian_abs_benchmark_v2_v1,college_scorecard_2026,college_scorecard_2026,college_scorecard_2026:college_scorecard_2026_median_earnings:grouped,college_scorecard_2026:college_scorecard_2026_median_earnings:iid,atlas/benchmark_v2/preflight/run_grid_manifest_candidate.csv.gz,atlas/benchmark_v2/preflight/run_status_ledger_initial.csv.gz,benchmark_v2/checkpoints/benchmark_v2_chunk_0006/,planned_not_attempted,false,false,false,false,python -m experiments.regression.scripts.run_benchmark_v2_chunk --chunk-id benchmark_v2_chunk_0006 --package-root . --dry-run
benchmark_v2_chunk_0007,7,1201,1400,200,1000,college_scorecard_2026|college_scorecard_2026:college_scorecard_2026_median_earnings:iid|iid|0.1|211|e1a4cdd73190919a|random_forest|random_forest_benchmark_v2_primary_v1|benchmark_v2_fold_local_preprocessing_v1,college_scorecard_2026|college_scorecard_2026:college_scorecard_2026_median_earnings:iid|iid|0.2|1009|9569bf78c77de1a3|nystroem_svr|nystroem_svr_benchmark_v2_primary_v1|benchmark_v2_fold_local_preprocessing_v1,college_scorecard_2026|college_scorecard_2026:college_scorecard_2026_median_earnings:iid|iid|0.1|211|e1a4cdd73190919a|random_forest|random_forest_benchmark_v2_primary_v1|benchmark_v2_fold_local_preprocessing_v1|split_abs_benchmark_v2_v1,college_scorecard_2026|college_scorecard_2026:college_scorecard_2026_median_earnings:iid|iid|0.2|1009|9569bf78c77de1a3|nystroem_svr|nystroem_svr_benchmark_v2_primary_v1|benchmark_v2_fold_local_preprocessing_v1|mondrian_abs_benchmark_v2_v1,college_scorecard_2026,college_scorecard_2026,college_scorecard_2026:college_scorecard_2026_median_earnings:iid,college_scorecard_2026:college_scorecard_2026_median_earnings:iid,atlas/benchmark_v2/preflight/run_grid_manifest_candidate.csv.gz,atlas/benchmark_v2/preflight/run_status_ledger_initial.csv.gz,benchmark_v2/checkpoints/benchmark_v2_chunk_0007/,planned_not_attempted,false,false,false,false,python -m experiments.regression.scripts.run_benchmark_v2_chunk --chunk-id benchmark_v2_chunk_0007 --package-root . --dry-run
benchmark_v2_chunk_0008,8,1401,1600,200,1000,hmda_2025_wy_originated_loans|hmda_2025_wy_originated_loans:hmda_2025_wy_interest_rate:grouped|grouped|0.01|101|c93855499a111b03|ridge|ridge_benchmark_v2_primary_v1|benchmark_v2_fold_local_preprocessing_v1,hmda_2025_wy_originated_loans|hmda_2025_wy_originated_loans:hmda_2025_wy_interest_rate:grouped|grouped|0.1|907|07a7163446d18615|random_forest|random_forest_benchmark_v2_primary_v1|benchmark_v2_fold_local_preprocessing_v1,hmda_2025_wy_originated_loans|hmda_2025_wy_originated_loans:hmda_2025_wy_interest_rate:grouped|grouped|0.01|101|c93855499a111b03|ridge|ridge_benchmark_v2_primary_v1|benchmark_v2_fold_local_preprocessing_v1|split_abs_benchmark_v2_v1,hmda_2025_wy_originated_loans|hmda_2025_wy_originated_loans:hmda_2025_wy_interest_rate:grouped|grouped|0.1|907|07a7163446d18615|random_forest|random_forest_benchmark_v2_primary_v1|benchmark_v2_fold_local_preprocessing_v1|mondrian_abs_benchmark_v2_v1,hmda_2025_wy_originated_loans,hmda_2025_wy_originated_loans,hmda_2025_wy_originated_loans:hmda_2025_wy_interest_rate:grouped,hmda_2025_wy_originated_loans:hmda_2025_wy_interest_rate:grouped,atlas/benchmark_v2/preflight/run_grid_manifest_candidate.csv.gz,atlas/benchmark_v2/preflight/run_status_ledger_initial.csv.gz,benchmark_v2/checkpoints/benchmark_v2_chunk_0008/,planned_not_attempted,false,false,false,false,python -m experiments.regression.scripts.run_benchmark_v2_chunk --chunk-id benchmark_v2_chunk_0008 --package-root . --dry-run
benchmark_v2_chunk_0009,9,1601,1800,200,1000,hmda_2025_wy_originated_loans|hmda_2025_wy_originated_loans:hmda_2025_wy_interest_rate:grouped|grouped|0.1|907|07a7163446d18615|extra_trees|extra_trees_benchmark_v2_primary_v1|benchmark_v2_fold_local_preprocessing_v1,hmda_2025_wy_originated_loans|hmda_2025_wy_originated_loans:hmda_2025_wy_interest_rate:iid|iid|0.01|811|2a7bb8b290eab02d|ridge|ridge_benchmark_v2_primary_v1|benchmark_v2_fold_local_preprocessing_v1,hmda_2025_wy_originated_loans|hmda_2025_wy_originated_loans:hmda_2025_wy_interest_rate:grouped|grouped|0.1|907|07a7163446d18615|extra_trees|extra_trees_benchmark_v2_primary_v1|benchmark_v2_fold_local_preprocessing_v1|split_abs_benchmark_v2_v1,hmda_2025_wy_originated_loans|hmda_2025_wy_originated_loans:hmda_2025_wy_interest_rate:iid|iid|0.01|811|2a7bb8b290eab02d|ridge|ridge_benchmark_v2_primary_v1|benchmark_v2_fold_local_preprocessing_v1|mondrian_abs_benchmark_v2_v1,hmda_2025_wy_originated_loans,hmda_2025_wy_originated_loans,hmda_2025_wy_originated_loans:hmda_2025_wy_interest_rate:grouped,hmda_2025_wy_originated_loans:hmda_2025_wy_interest_rate:iid,atlas/benchmark_v2/preflight/run_grid_manifest_candidate.csv.gz,atlas/benchmark_v2/preflight/run_status_ledger_initial.csv.gz,benchmark_v2/checkpoints/benchmark_v2_chunk_0009/,planned_not_attempted,false,false,false,false,python -m experiments.regression.scripts.run_benchmark_v2_chunk --chunk-id benchmark_v2_chunk_0009 --package-root . --dry-run
benchmark_v2_chunk_0010,10,1801,2000,200,1000,hmda_2025_wy_originated_loans|hmda_2025_wy_originated_loans:hmda_2025_wy_interest_rate:iid|iid|0.01|811|2a7bb8b290eab02d|elastic_net|elastic_net_benchmark_v2_primary_v1|benchmark_v2_fold_local_preprocessing_v1,hmda_2025_wy_originated_loans|hmda_2025_wy_originated_loans:hmda_2025_wy_interest_rate:iid|iid|0.15|607|d9f5d71fe52b4b16|extra_trees|extra_trees_benchmark_v2_primary_v1|benchmark_v2_fold_local_preprocessing_v1,hmda_2025_wy_originated_loans|hmda_2025_wy_originated_loans:hmda_2025_wy_interest_rate:iid|iid|0.01|811|2a7bb8b290eab02d|elastic_net|elastic_net_benchmark_v2_primary_v1|benchmark_v2_fold_local_preprocessing_v1|split_abs_benchmark_v2_v1,hmda_2025_wy_originated_loans|hmda_2025_wy_originated_loans:hmda_2025_wy_interest_rate:iid|iid|0.15|607|d9f5d71fe52b4b16|extra_trees|extra_trees_benchmark_v2_primary_v1|benchmark_v2_fold_local_preprocessing_v1|mondrian_abs_benchmark_v2_v1,hmda_2025_wy_originated_loans,hmda_2025_wy_originated_loans,hmda_2025_wy_originated_loans:hmda_2025_wy_interest_rate:iid,hmda_2025_wy_originated_loans:hmda_2025_wy_interest_rate:iid,atlas/benchmark_v2/preflight/run_grid_manifest_candidate.csv.gz,atlas/benchmark_v2/preflight/run_status_ledger_initial.csv.gz,benchmark_v2/checkpoints/benchmark_v2_chunk_0010/,planned_not_attempted,false,false,false,false,python -m experiments.regression.scripts.run_benchmark_v2_chunk --chunk-id benchmark_v2_chunk_0010 --package-root . --dry-run
benchmark_v2_chunk_0011,11,2001,2200,200,1000,hmda_2025_wy_originated_loans|hmda_2025_wy_originated_loans:hmda_2025_wy_interest_rate:iid|iid|0.15|607|d9f5d71fe52b4b16|knn|knn_benchmark_v2_primary_v1|benchmark_v2_fold_local_preprocessing_v1,meps_2023_hc251|meps_2023_hc251:meps_2023_total_expenditure:grouped|grouped|0.05|503|a26e44cb344e06b2|elastic_net|elastic_net_benchmark_v2_primary_v1|benchmark_v2_fold_local_preprocessing_v1,hmda_2025_wy_originated_loans|hmda_2025_wy_originated_loans:hmda_2025_wy_interest_rate:iid|iid|0.15|607|d9f5d71fe52b4b16|knn|knn_benchmark_v2_primary_v1|benchmark_v2_fold_local_preprocessing_v1|split_abs_benchmark_v2_v1,meps_2023_hc251|meps_2023_hc251:meps_2023_total_expenditure:grouped|grouped|0.05|503|a26e44cb344e06b2|elastic_net|elastic_net_benchmark_v2_primary_v1|benchmark_v2_fold_local_preprocessing_v1|mondrian_abs_benchmark_v2_v1,hmda_2025_wy_originated_loans,meps_2023_hc251,hmda_2025_wy_originated_loans:hmda_2025_wy_interest_rate:iid,meps_2023_hc251:meps_2023_total_expenditure:grouped,atlas/benchmark_v2/preflight/run_grid_manifest_candidate.csv.gz,atlas/benchmark_v2/preflight/run_status_ledger_initial.csv.gz,benchmark_v2/checkpoints/benchmark_v2_chunk_0011/,planned_not_attempted,false,false,false,false,python -m experiments.regression.scripts.run_benchmark_v2_chunk --chunk-id benchmark_v2_chunk_0011 --package-root . --dry-run
benchmark_v2_chunk_0012,12,2201,2400,200,1000,meps_2023_hc251|meps_2023_hc251:meps_2023_total_expenditure:grouped|grouped|0.05|503|a26e44cb344e06b2|hist_gradient_boosting|hist_gradient_boosting_benchmark_v2_primary_v1|benchmark_v2_fold_local_preprocessing_v1,meps_2023_hc251|meps_2023_hc251:meps_2023_total_expenditure:grouped|grouped|0.2|307|7dbc8a7a7de341bd|knn|knn_benchmark_v2_primary_v1|benchmark_v2_fold_local_preprocessing_v1,meps_2023_hc251|meps_2023_hc251:meps_2023_total_expenditure:grouped|grouped|0.05|503|a26e44cb344e06b2|hist_gradient_boosting|hist_gradient_boosting_benchmark_v2_primary_v1|benchmark_v2_fold_local_preprocessing_v1|split_abs_benchmark_v2_v1,meps_2023_hc251|meps_2023_hc251:meps_2023_total_expenditure:grouped|grouped|0.2|307|7dbc8a7a7de341bd|knn|knn_benchmark_v2_primary_v1|benchmark_v2_fold_local_preprocessing_v1|mondrian_abs_benchmark_v2_v1,meps_2023_hc251,meps_2023_hc251,meps_2023_hc251:meps_2023_total_expenditure:grouped,meps_2023_hc251:meps_2023_total_expenditure:grouped,atlas/benchmark_v2/preflight/run_grid_manifest_candidate.csv.gz,atlas/benchmark_v2/preflight/run_status_ledger_initial.csv.gz,benchmark_v2/checkpoints/benchmark_v2_chunk_0012/,planned_not_attempted,false,false,false,false,python -m experiments.regression.scripts.run_benchmark_v2_chunk --chunk-id benchmark_v2_chunk_0012 --package-root . --dry-run
benchmark_v2_chunk_0013,13,2401,2600,200,1000,meps_2023_hc251|meps_2023_hc251:meps_2023_total_expenditure:grouped|grouped|0.2|307|7dbc8a7a7de341bd|nystroem_svr|nystroem_svr_benchmark_v2_primary_v1|benchmark_v2_fold_local_preprocessing_v1,meps_2023_hc251|meps_2023_hc251:meps_2023_total_expenditure:iid|iid|0.1|211|151169568f53d4c9|hist_gradient_boosting|hist_gradient_boosting_benchmark_v2_primary_v1|benchmark_v2_fold_local_preprocessing_v1,meps_2023_hc251|meps_2023_hc251:meps_2023_total_expenditure:grouped|grouped|0.2|307|7dbc8a7a7de341bd|nystroem_svr|nystroem_svr_benchmark_v2_primary_v1|benchmark_v2_fold_local_preprocessing_v1|split_abs_benchmark_v2_v1,meps_2023_hc251|meps_2023_hc251:meps_2023_total_expenditure:iid|iid|0.1|211|151169568f53d4c9|hist_gradient_boosting|hist_gradient_boosting_benchmark_v2_primary_v1|benchmark_v2_fold_local_preprocessing_v1|mondrian_abs_benchmark_v2_v1,meps_2023_hc251,meps_2023_hc251,meps_2023_hc251:meps_2023_total_expenditure:grouped,meps_2023_hc251:meps_2023_total_expenditure:iid,atlas/benchmark_v2/preflight/run_grid_manifest_candidate.csv.gz,atlas/benchmark_v2/preflight/run_status_ledger_initial.csv.gz,benchmark_v2/checkpoints/benchmark_v2_chunk_0013/,planned_not_attempted,false,false,false,false,python -m experiments.regression.scripts.run_benchmark_v2_chunk --chunk-id benchmark_v2_chunk_0013 --package-root . --dry-run
benchmark_v2_chunk_0014,14,2601,2800,200,1000,meps_2023_hc251|meps_2023_hc251:meps_2023_total_expenditure:iid|iid|0.1|211|151169568f53d4c9|random_forest|random_forest_benchmark_v2_primary_v1|benchmark_v2_fold_local_preprocessing_v1,meps_2023_hc251|meps_2023_hc251:meps_2023_total_expenditure:iid|iid|0.2|1009|b5c1b7aa06ecd1be|nystroem_svr|nystroem_svr_benchmark_v2_primary_v1|benchmark_v2_fold_local_preprocessing_v1,meps_2023_hc251|meps_2023_hc251:meps_2023_total_expenditure:iid|iid|0.1|211|151169568f53d4c9|random_forest|random_forest_benchmark_v2_primary_v1|benchmark_v2_fold_local_preprocessing_v1|split_abs_benchmark_v2_v1,meps_2023_hc251|meps_2023_hc251:meps_2023_total_expenditure:iid|iid|0.2|1009|b5c1b7aa06ecd1be|nystroem_svr|nystroem_svr_benchmark_v2_primary_v1|benchmark_v2_fold_local_preprocessing_v1|mondrian_abs_benchmark_v2_v1,meps_2023_hc251,meps_2023_hc251,meps_2023_hc251:meps_2023_total_expenditure:iid,meps_2023_hc251:meps_2023_total_expenditure:iid,atlas/benchmark_v2/preflight/run_grid_manifest_candidate.csv.gz,atlas/benchmark_v2/preflight/run_status_ledger_initial.csv.gz,benchmark_v2/checkpoints/benchmark_v2_chunk_0014/,planned_not_attempted,false,false,false,false,python -m experiments.regression.scripts.run_benchmark_v2_chunk --chunk-id benchmark_v2_chunk_0014 --package-root . --dry-run
benchmark_v2_chunk_0015,15,2801,3000,200,1000,nhanes_2017_2018_examination|nhanes_2017_2018_examination:nhanes_2017_2018_bmi:iid|iid|0.01|101|708b995810f48675|ridge|ridge_benchmark_v2_primary_v1|benchmark_v2_fold_local_preprocessing_v1,nhanes_2017_2018_examination|nhanes_2017_2018_examination:nhanes_2017_2018_bmi:iid|iid|0.1|907|1fd08008f98304f0|random_forest|random_forest_benchmark_v2_primary_v1|benchmark_v2_fold_local_preprocessing_v1,nhanes_2017_2018_examination|nhanes_2017_2018_examination:nhanes_2017_2018_bmi:iid|iid|0.01|101|708b995810f48675|ridge|ridge_benchmark_v2_primary_v1|benchmark_v2_fold_local_preprocessing_v1|split_abs_benchmark_v2_v1,nhanes_2017_2018_examination|nhanes_2017_2018_examination:nhanes_2017_2018_bmi:iid|iid|0.1|907|1fd08008f98304f0|random_forest|random_forest_benchmark_v2_primary_v1|benchmark_v2_fold_local_preprocessing_v1|mondrian_abs_benchmark_v2_v1,nhanes_2017_2018_examination,nhanes_2017_2018_examination,nhanes_2017_2018_examination:nhanes_2017_2018_bmi:iid,nhanes_2017_2018_examination:nhanes_2017_2018_bmi:iid,atlas/benchmark_v2/preflight/run_grid_manifest_candidate.csv.gz,atlas/benchmark_v2/preflight/run_status_ledger_initial.csv.gz,benchmark_v2/checkpoints/benchmark_v2_chunk_0015/,planned_not_attempted,false,false,false,false,python -m experiments.regression.scripts.run_benchmark_v2_chunk --chunk-id benchmark_v2_chunk_0015 --package-root . --dry-run
benchmark_v2_chunk_0016,16,3001,3200,200,1000,nhanes_2017_2018_examination|nhanes_2017_2018_examination:nhanes_2017_2018_bmi:iid|iid|0.1|907|1fd08008f98304f0|extra_trees|extra_trees_benchmark_v2_primary_v1|benchmark_v2_fold_local_preprocessing_v1,nhanes_2017_2018_examination|nhanes_2017_2018_examination:nhanes_2017_2018_systolic_bp:grouped|grouped|0.01|811|e484287b98eda633|ridge|ridge_benchmark_v2_primary_v1|benchmark_v2_fold_local_preprocessing_v1,nhanes_2017_2018_examination|nhanes_2017_2018_examination:nhanes_2017_2018_bmi:iid|iid|0.1|907|1fd08008f98304f0|extra_trees|extra_trees_benchmark_v2_primary_v1|benchmark_v2_fold_local_preprocessing_v1|split_abs_benchmark_v2_v1,nhanes_2017_2018_examination|nhanes_2017_2018_examination:nhanes_2017_2018_systolic_bp:grouped|grouped|0.01|811|e484287b98eda633|ridge|ridge_benchmark_v2_primary_v1|benchmark_v2_fold_local_preprocessing_v1|mondrian_abs_benchmark_v2_v1,nhanes_2017_2018_examination,nhanes_2017_2018_examination,nhanes_2017_2018_examination:nhanes_2017_2018_bmi:iid,nhanes_2017_2018_examination:nhanes_2017_2018_systolic_bp:grouped,atlas/benchmark_v2/preflight/run_grid_manifest_candidate.csv.gz,atlas/benchmark_v2/preflight/run_status_ledger_initial.csv.gz,benchmark_v2/checkpoints/benchmark_v2_chunk_0016/,planned_not_attempted,false,false,false,false,python -m experiments.regression.scripts.run_benchmark_v2_chunk --chunk-id benchmark_v2_chunk_0016 --package-root . --dry-run
benchmark_v2_chunk_0017,17,3201,3400,200,1000,nhanes_2017_2018_examination|nhanes_2017_2018_examination:nhanes_2017_2018_systolic_bp:grouped|grouped|0.01|811|e484287b98eda633|elastic_net|elastic_net_benchmark_v2_primary_v1|benchmark_v2_fold_local_preprocessing_v1,nhanes_2017_2018_examination|nhanes_2017_2018_examination:nhanes_2017_2018_systolic_bp:grouped|grouped|0.15|607|9a92d3bacf2c714c|extra_trees|extra_trees_benchmark_v2_primary_v1|benchmark_v2_fold_local_preprocessing_v1,nhanes_2017_2018_examination|nhanes_2017_2018_examination:nhanes_2017_2018_systolic_bp:grouped|grouped|0.01|811|e484287b98eda633|elastic_net|elastic_net_benchmark_v2_primary_v1|benchmark_v2_fold_local_preprocessing_v1|split_abs_benchmark_v2_v1,nhanes_2017_2018_examination|nhanes_2017_2018_examination:nhanes_2017_2018_systolic_bp:grouped|grouped|0.15|607|9a92d3bacf2c714c|extra_trees|extra_trees_benchmark_v2_primary_v1|benchmark_v2_fold_local_preprocessing_v1|mondrian_abs_benchmark_v2_v1,nhanes_2017_2018_examination,nhanes_2017_2018_examination,nhanes_2017_2018_examination:nhanes_2017_2018_systolic_bp:grouped,nhanes_2017_2018_examination:nhanes_2017_2018_systolic_bp:grouped,atlas/benchmark_v2/preflight/run_grid_manifest_candidate.csv.gz,atlas/benchmark_v2/preflight/run_status_ledger_initial.csv.gz,benchmark_v2/checkpoints/benchmark_v2_chunk_0017/,planned_not_attempted,false,false,false,false,python -m experiments.regression.scripts.run_benchmark_v2_chunk --chunk-id benchmark_v2_chunk_0017 --package-root . --dry-run
benchmark_v2_chunk_0018,18,3401,3600,200,1000,nhanes_2017_2018_examination|nhanes_2017_2018_examination:nhanes_2017_2018_systolic_bp:grouped|grouped|0.15|607|9a92d3bacf2c714c|knn|knn_benchmark_v2_primary_v1|benchmark_v2_fold_local_preprocessing_v1,openml_auto_price|openml_auto_price:openml_auto_price:grouped|grouped|0.05|503|a5239937d600f396|elastic_net|elastic_net_benchmark_v2_primary_v1|benchmark_v2_fold_local_preprocessing_v1,nhanes_2017_2018_examination|nhanes_2017_2018_examination:nhanes_2017_2018_systolic_bp:grouped|grouped|0.15|607|9a92d3bacf2c714c|knn|knn_benchmark_v2_primary_v1|benchmark_v2_fold_local_preprocessing_v1|split_abs_benchmark_v2_v1,openml_auto_price|openml_auto_price:openml_auto_price:grouped|grouped|0.05|503|a5239937d600f396|elastic_net|elastic_net_benchmark_v2_primary_v1|benchmark_v2_fold_local_preprocessing_v1|mondrian_abs_benchmark_v2_v1,nhanes_2017_2018_examination,openml_auto_price,nhanes_2017_2018_examination:nhanes_2017_2018_systolic_bp:grouped,openml_auto_price:openml_auto_price:grouped,atlas/benchmark_v2/preflight/run_grid_manifest_candidate.csv.gz,atlas/benchmark_v2/preflight/run_status_ledger_initial.csv.gz,benchmark_v2/checkpoints/benchmark_v2_chunk_0018/,planned_not_attempted,false,false,false,false,python -m experiments.regression.scripts.run_benchmark_v2_chunk --chunk-id benchmark_v2_chunk_0018 --package-root . --dry-run
benchmark_v2_chunk_0019,19,3601,3800,200,1000,openml_auto_price|openml_auto_price:openml_auto_price:grouped|grouped|0.05|503|a5239937d600f396|hist_gradient_boosting|hist_gradient_boosting_benchmark_v2_primary_v1|benchmark_v2_fold_local_preprocessing_v1,openml_auto_price|openml_auto_price:openml_auto_price:grouped|grouped|0.2|307|5a0027173c07e76b|knn|knn_benchmark_v2_primary_v1|benchmark_v2_fold_local_preprocessing_v1,openml_auto_price|openml_auto_price:openml_auto_price:grouped|grouped|0.05|503|a5239937d600f396|hist_gradient_boosting|hist_gradient_boosting_benchmark_v2_primary_v1|benchmark_v2_fold_local_preprocessing_v1|split_abs_benchmark_v2_v1,openml_auto_price|openml_auto_price:openml_auto_price:grouped|grouped|0.2|307|5a0027173c07e76b|knn|knn_benchmark_v2_primary_v1|benchmark_v2_fold_local_preprocessing_v1|mondrian_abs_benchmark_v2_v1,openml_auto_price,openml_auto_price,openml_auto_price:openml_auto_price:grouped,openml_auto_price:openml_auto_price:grouped,atlas/benchmark_v2/preflight/run_grid_manifest_candidate.csv.gz,atlas/benchmark_v2/preflight/run_status_ledger_initial.csv.gz,benchmark_v2/checkpoints/benchmark_v2_chunk_0019/,planned_not_attempted,false,false,false,false,python -m experiments.regression.scripts.run_benchmark_v2_chunk --chunk-id benchmark_v2_chunk_0019 --package-root . --dry-run
benchmark_v2_chunk_0020,20,3801,4000,200,1000,openml_auto_price|openml_auto_price:openml_auto_price:grouped|grouped|0.2|307|5a0027173c07e76b|nystroem_svr|nystroem_svr_benchmark_v2_primary_v1|benchmark_v2_fold_local_preprocessing_v1,openml_auto_price|openml_auto_price:openml_auto_price:iid|iid|0.1|211|41cff722e3ffb2f8|hist_gradient_boosting|hist_gradient_boosting_benchmark_v2_primary_v1|benchmark_v2_fold_local_preprocessing_v1,openml_auto_price|openml_auto_price:openml_auto_price:grouped|grouped|0.2|307|5a0027173c07e76b|nystroem_svr|nystroem_svr_benchmark_v2_primary_v1|benchmark_v2_fold_local_preprocessing_v1|split_abs_benchmark_v2_v1,openml_auto_price|openml_auto_price:openml_auto_price:iid|iid|0.1|211|41cff722e3ffb2f8|hist_gradient_boosting|hist_gradient_boosting_benchmark_v2_primary_v1|benchmark_v2_fold_local_preprocessing_v1|mondrian_abs_benchmark_v2_v1,openml_auto_price,openml_auto_price,openml_auto_price:openml_auto_price:grouped,openml_auto_price:openml_auto_price:iid,atlas/benchmark_v2/preflight/run_grid_manifest_candidate.csv.gz,atlas/benchmark_v2/preflight/run_status_ledger_initial.csv.gz,benchmark_v2/checkpoints/benchmark_v2_chunk_0020/,planned_not_attempted,false,false,false,false,python -m experiments.regression.scripts.run_benchmark_v2_chunk --chunk-id benchmark_v2_chunk_0020 --package-root . --dry-run
benchmark_v2_chunk_0021,21,4001,4200,200,1000,openml_auto_price|openml_auto_price:openml_auto_price:iid|iid|0.1|211|41cff722e3ffb2f8|random_forest|random_forest_benchmark_v2_primary_v1|benchmark_v2_fold_local_preprocessing_v1,openml_auto_price|openml_auto_price:openml_auto_price:iid|iid|0.2|1009|b531c38ed26646fd|nystroem_svr|nystroem_svr_benchmark_v2_primary_v1|benchmark_v2_fold_local_preprocessing_v1,openml_auto_price|openml_auto_price:openml_auto_price:iid|iid|0.1|211|41cff722e3ffb2f8|random_forest|random_forest_benchmark_v2_primary_v1|benchmark_v2_fold_local_preprocessing_v1|split_abs_benchmark_v2_v1,openml_auto_price|openml_auto_price:openml_auto_price:iid|iid|0.2|1009|b531c38ed26646fd|nystroem_svr|nystroem_svr_benchmark_v2_primary_v1|benchmark_v2_fold_local_preprocessing_v1|mondrian_abs_benchmark_v2_v1,openml_auto_price,openml_auto_price,openml_auto_price:openml_auto_price:iid,openml_auto_price:openml_auto_price:iid,atlas/benchmark_v2/preflight/run_grid_manifest_candidate.csv.gz,atlas/benchmark_v2/preflight/run_status_ledger_initial.csv.gz,benchmark_v2/checkpoints/benchmark_v2_chunk_0021/,planned_not_attempted,false,false,false,false,python -m experiments.regression.scripts.run_benchmark_v2_chunk --chunk-id benchmark_v2_chunk_0021 --package-root . --dry-run
benchmark_v2_chunk_0022,22,4201,4400,200,1000,openml_kin8nm|openml_kin8nm:openml_kin8nm_y:covariate_shift|covariate_shift|0.01|101|714914d0d9b74391|ridge|ridge_benchmark_v2_primary_v1|benchmark_v2_fold_local_preprocessing_v1,openml_kin8nm|openml_kin8nm:openml_kin8nm_y:covariate_shift|covariate_shift|0.1|907|0358d98510fd682d|random_forest|random_forest_benchmark_v2_primary_v1|benchmark_v2_fold_local_preprocessing_v1,openml_kin8nm|openml_kin8nm:openml_kin8nm_y:covariate_shift|covariate_shift|0.01|101|714914d0d9b74391|ridge|ridge_benchmark_v2_primary_v1|benchmark_v2_fold_local_preprocessing_v1|split_abs_benchmark_v2_v1,openml_kin8nm|openml_kin8nm:openml_kin8nm_y:covariate_shift|covariate_shift|0.1|907|0358d98510fd682d|random_forest|random_forest_benchmark_v2_primary_v1|benchmark_v2_fold_local_preprocessing_v1|mondrian_abs_benchmark_v2_v1,openml_kin8nm,openml_kin8nm,openml_kin8nm:openml_kin8nm_y:covariate_shift,openml_kin8nm:openml_kin8nm_y:covariate_shift,atlas/benchmark_v2/preflight/run_grid_manifest_candidate.csv.gz,atlas/benchmark_v2/preflight/run_status_ledger_initial.csv.gz,benchmark_v2/checkpoints/benchmark_v2_chunk_0022/,planned_not_attempted,false,false,false,false,python -m experiments.regression.scripts.run_benchmark_v2_chunk --chunk-id benchmark_v2_chunk_0022 --package-root . --dry-run
benchmark_v2_chunk_0023,23,4401,4600,200,1000,openml_kin8nm|openml_kin8nm:openml_kin8nm_y:covariate_shift|covariate_shift|0.1|907|0358d98510fd682d|extra_trees|extra_trees_benchmark_v2_primary_v1|benchmark_v2_fold_local_preprocessing_v1,openml_kin8nm|openml_kin8nm:openml_kin8nm_y:iid|iid|0.01|811|65499537018593f5|ridge|ridge_benchmark_v2_primary_v1|benchmark_v2_fold_local_preprocessing_v1,openml_kin8nm|openml_kin8nm:openml_kin8nm_y:covariate_shift|covariate_shift|0.1|907|0358d98510fd682d|extra_trees|extra_trees_benchmark_v2_primary_v1|benchmark_v2_fold_local_preprocessing_v1|split_abs_benchmark_v2_v1,openml_kin8nm|openml_kin8nm:openml_kin8nm_y:iid|iid|0.01|811|65499537018593f5|ridge|ridge_benchmark_v2_primary_v1|benchmark_v2_fold_local_preprocessing_v1|mondrian_abs_benchmark_v2_v1,openml_kin8nm,openml_kin8nm,openml_kin8nm:openml_kin8nm_y:covariate_shift,openml_kin8nm:openml_kin8nm_y:iid,atlas/benchmark_v2/preflight/run_grid_manifest_candidate.csv.gz,atlas/benchmark_v2/preflight/run_status_ledger_initial.csv.gz,benchmark_v2/checkpoints/benchmark_v2_chunk_0023/,planned_not_attempted,false,false,false,false,python -m experiments.regression.scripts.run_benchmark_v2_chunk --chunk-id benchmark_v2_chunk_0023 --package-root . --dry-run
benchmark_v2_chunk_0024,24,4601,4800,200,1000,openml_kin8nm|openml_kin8nm:openml_kin8nm_y:iid|iid|0.01|811|65499537018593f5|elastic_net|elastic_net_benchmark_v2_primary_v1|benchmark_v2_fold_local_preprocessing_v1,openml_kin8nm|openml_kin8nm:openml_kin8nm_y:iid|iid|0.15|607|78ea616da92188ca|extra_trees|extra_trees_benchmark_v2_primary_v1|benchmark_v2_fold_local_preprocessing_v1,openml_kin8nm|openml_kin8nm:openml_kin8nm_y:iid|iid|0.01|811|65499537018593f5|elastic_net|elastic_net_benchmark_v2_primary_v1|benchmark_v2_fold_local_preprocessing_v1|split_abs_benchmark_v2_v1,openml_kin8nm|openml_kin8nm:openml_kin8nm_y:iid|iid|0.15|607|78ea616da92188ca|extra_trees|extra_trees_benchmark_v2_primary_v1|benchmark_v2_fold_local_preprocessing_v1|mondrian_abs_benchmark_v2_v1,openml_kin8nm,openml_kin8nm,openml_kin8nm:openml_kin8nm_y:iid,openml_kin8nm:openml_kin8nm_y:iid,atlas/benchmark_v2/preflight/run_grid_manifest_candidate.csv.gz,atlas/benchmark_v2/preflight/run_status_ledger_initial.csv.gz,benchmark_v2/checkpoints/benchmark_v2_chunk_0024/,planned_not_attempted,false,false,false,false,python -m experiments.regression.scripts.run_benchmark_v2_chunk --chunk-id benchmark_v2_chunk_0024 --package-root . --dry-run
benchmark_v2_chunk_0025,25,4801,5000,200,1000,openml_kin8nm|openml_kin8nm:openml_kin8nm_y:iid|iid|0.15|607|78ea616da92188ca|knn|knn_benchmark_v2_primary_v1|benchmark_v2_fold_local_preprocessing_v1,pisa_2022_student_assessment|pisa_2022_student_assessment:pisa_2022_math_pv_mean:grouped|grouped|0.05|503|706ac78f850f1504|elastic_net|elastic_net_benchmark_v2_primary_v1|benchmark_v2_fold_local_preprocessing_v1,openml_kin8nm|openml_kin8nm:openml_kin8nm_y:iid|iid|0.15|607|78ea616da92188ca|knn|knn_benchmark_v2_primary_v1|benchmark_v2_fold_local_preprocessing_v1|split_abs_benchmark_v2_v1,pisa_2022_student_assessment|pisa_2022_student_assessment:pisa_2022_math_pv_mean:grouped|grouped|0.05|503|706ac78f850f1504|elastic_net|elastic_net_benchmark_v2_primary_v1|benchmark_v2_fold_local_preprocessing_v1|mondrian_abs_benchmark_v2_v1,openml_kin8nm,pisa_2022_student_assessment,openml_kin8nm:openml_kin8nm_y:iid,pisa_2022_student_assessment:pisa_2022_math_pv_mean:grouped,atlas/benchmark_v2/preflight/run_grid_manifest_candidate.csv.gz,atlas/benchmark_v2/preflight/run_status_ledger_initial.csv.gz,benchmark_v2/checkpoints/benchmark_v2_chunk_0025/,planned_not_attempted,false,false,false,false,python -m experiments.regression.scripts.run_benchmark_v2_chunk --chunk-id benchmark_v2_chunk_0025 --package-root . --dry-run
benchmark_v2_chunk_0026,26,5001,5200,200,1000,pisa_2022_student_assessment|pisa_2022_student_assessment:pisa_2022_math_pv_mean:grouped|grouped|0.05|503|706ac78f850f1504|hist_gradient_boosting|hist_gradient_boosting_benchmark_v2_primary_v1|benchmark_v2_fold_local_preprocessing_v1,pisa_2022_student_assessment|pisa_2022_student_assessment:pisa_2022_math_pv_mean:grouped|grouped|0.2|307|35a83fe12770286b|knn|knn_benchmark_v2_primary_v1|benchmark_v2_fold_local_preprocessing_v1,pisa_2022_student_assessment|pisa_2022_student_assessment:pisa_2022_math_pv_mean:grouped|grouped|0.05|503|706ac78f850f1504|hist_gradient_boosting|hist_gradient_boosting_benchmark_v2_primary_v1|benchmark_v2_fold_local_preprocessing_v1|split_abs_benchmark_v2_v1,pisa_2022_student_assessment|pisa_2022_student_assessment:pisa_2022_math_pv_mean:grouped|grouped|0.2|307|35a83fe12770286b|knn|knn_benchmark_v2_primary_v1|benchmark_v2_fold_local_preprocessing_v1|mondrian_abs_benchmark_v2_v1,pisa_2022_student_assessment,pisa_2022_student_assessment,pisa_2022_student_assessment:pisa_2022_math_pv_mean:grouped,pisa_2022_student_assessment:pisa_2022_math_pv_mean:grouped,atlas/benchmark_v2/preflight/run_grid_manifest_candidate.csv.gz,atlas/benchmark_v2/preflight/run_status_ledger_initial.csv.gz,benchmark_v2/checkpoints/benchmark_v2_chunk_0026/,planned_not_attempted,false,false,false,false,python -m experiments.regression.scripts.run_benchmark_v2_chunk --chunk-id benchmark_v2_chunk_0026 --package-root . --dry-run
benchmark_v2_chunk_0027,27,5201,5400,200,1000,pisa_2022_student_assessment|pisa_2022_student_assessment:pisa_2022_math_pv_mean:grouped|grouped|0.2|307|35a83fe12770286b|nystroem_svr|nystroem_svr_benchmark_v2_primary_v1|benchmark_v2_fold_local_preprocessing_v1,pisa_2022_student_assessment|pisa_2022_student_assessment:pisa_2022_math_pv_mean:iid|iid|0.1|211|1c446357c228ab53|hist_gradient_boosting|hist_gradient_boosting_benchmark_v2_primary_v1|benchmark_v2_fold_local_preprocessing_v1,pisa_2022_student_assessment|pisa_2022_student_assessment:pisa_2022_math_pv_mean:grouped|grouped|0.2|307|35a83fe12770286b|nystroem_svr|nystroem_svr_benchmark_v2_primary_v1|benchmark_v2_fold_local_preprocessing_v1|split_abs_benchmark_v2_v1,pisa_2022_student_assessment|pisa_2022_student_assessment:pisa_2022_math_pv_mean:iid|iid|0.1|211|1c446357c228ab53|hist_gradient_boosting|hist_gradient_boosting_benchmark_v2_primary_v1|benchmark_v2_fold_local_preprocessing_v1|mondrian_abs_benchmark_v2_v1,pisa_2022_student_assessment,pisa_2022_student_assessment,pisa_2022_student_assessment:pisa_2022_math_pv_mean:grouped,pisa_2022_student_assessment:pisa_2022_math_pv_mean:iid,atlas/benchmark_v2/preflight/run_grid_manifest_candidate.csv.gz,atlas/benchmark_v2/preflight/run_status_ledger_initial.csv.gz,benchmark_v2/checkpoints/benchmark_v2_chunk_0027/,planned_not_attempted,false,false,false,false,python -m experiments.regression.scripts.run_benchmark_v2_chunk --chunk-id benchmark_v2_chunk_0027 --package-root . --dry-run
benchmark_v2_chunk_0028,28,5401,5600,200,1000,pisa_2022_student_assessment|pisa_2022_student_assessment:pisa_2022_math_pv_mean:iid|iid|0.1|211|1c446357c228ab53|random_forest|random_forest_benchmark_v2_primary_v1|benchmark_v2_fold_local_preprocessing_v1,pisa_2022_student_assessment|pisa_2022_student_assessment:pisa_2022_math_pv_mean:iid|iid|0.2|1009|be7e3b5ae84f60a3|nystroem_svr|nystroem_svr_benchmark_v2_primary_v1|benchmark_v2_fold_local_preprocessing_v1,pisa_2022_student_assessment|pisa_2022_student_assessment:pisa_2022_math_pv_mean:iid|iid|0.1|211|1c446357c228ab53|random_forest|random_forest_benchmark_v2_primary_v1|benchmark_v2_fold_local_preprocessing_v1|split_abs_benchmark_v2_v1,pisa_2022_student_assessment|pisa_2022_student_assessment:pisa_2022_math_pv_mean:iid|iid|0.2|1009|be7e3b5ae84f60a3|nystroem_svr|nystroem_svr_benchmark_v2_primary_v1|benchmark_v2_fold_local_preprocessing_v1|mondrian_abs_benchmark_v2_v1,pisa_2022_student_assessment,pisa_2022_student_assessment,pisa_2022_student_assessment:pisa_2022_math_pv_mean:iid,pisa_2022_student_assessment:pisa_2022_math_pv_mean:iid,atlas/benchmark_v2/preflight/run_grid_manifest_candidate.csv.gz,atlas/benchmark_v2/preflight/run_status_ledger_initial.csv.gz,benchmark_v2/checkpoints/benchmark_v2_chunk_0028/,planned_not_attempted,false,false,false,false,python -m experiments.regression.scripts.run_benchmark_v2_chunk --chunk-id benchmark_v2_chunk_0028 --package-root . --dry-run
benchmark_v2_chunk_0029,29,5601,5800,200,1000,scf_2022_summary_extract|scf_2022_summary_extract:scf_2022_networth:grouped|grouped|0.01|101|b801f451d495bdab|ridge|ridge_benchmark_v2_primary_v1|benchmark_v2_fold_local_preprocessing_v1,scf_2022_summary_extract|scf_2022_summary_extract:scf_2022_networth:grouped|grouped|0.1|907|5f4b5b4a1e4d9fa0|random_forest|random_forest_benchmark_v2_primary_v1|benchmark_v2_fold_local_preprocessing_v1,scf_2022_summary_extract|scf_2022_summary_extract:scf_2022_networth:grouped|grouped|0.01|101|b801f451d495bdab|ridge|ridge_benchmark_v2_primary_v1|benchmark_v2_fold_local_preprocessing_v1|split_abs_benchmark_v2_v1,scf_2022_summary_extract|scf_2022_summary_extract:scf_2022_networth:grouped|grouped|0.1|907|5f4b5b4a1e4d9fa0|random_forest|random_forest_benchmark_v2_primary_v1|benchmark_v2_fold_local_preprocessing_v1|mondrian_abs_benchmark_v2_v1,scf_2022_summary_extract,scf_2022_summary_extract,scf_2022_summary_extract:scf_2022_networth:grouped,scf_2022_summary_extract:scf_2022_networth:grouped,atlas/benchmark_v2/preflight/run_grid_manifest_candidate.csv.gz,atlas/benchmark_v2/preflight/run_status_ledger_initial.csv.gz,benchmark_v2/checkpoints/benchmark_v2_chunk_0029/,planned_not_attempted,false,false,false,false,python -m experiments.regression.scripts.run_benchmark_v2_chunk --chunk-id benchmark_v2_chunk_0029 --package-root . --dry-run
benchmark_v2_chunk_0030,30,5801,6000,200,1000,scf_2022_summary_extract|scf_2022_summary_extract:scf_2022_networth:grouped|grouped|0.1|907|5f4b5b4a1e4d9fa0|extra_trees|extra_trees_benchmark_v2_primary_v1|benchmark_v2_fold_local_preprocessing_v1,scf_2022_summary_extract|scf_2022_summary_extract:scf_2022_networth:iid|iid|0.01|811|c6f2bcf89bdd4adc|ridge|ridge_benchmark_v2_primary_v1|benchmark_v2_fold_local_preprocessing_v1,scf_2022_summary_extract|scf_2022_summary_extract:scf_2022_networth:grouped|grouped|0.1|907|5f4b5b4a1e4d9fa0|extra_trees|extra_trees_benchmark_v2_primary_v1|benchmark_v2_fold_local_preprocessing_v1|split_abs_benchmark_v2_v1,scf_2022_summary_extract|scf_2022_summary_extract:scf_2022_networth:iid|iid|0.01|811|c6f2bcf89bdd4adc|ridge|ridge_benchmark_v2_primary_v1|benchmark_v2_fold_local_preprocessing_v1|mondrian_abs_benchmark_v2_v1,scf_2022_summary_extract,scf_2022_summary_extract,scf_2022_summary_extract:scf_2022_networth:grouped,scf_2022_summary_extract:scf_2022_networth:iid,atlas/benchmark_v2/preflight/run_grid_manifest_candidate.csv.gz,atlas/benchmark_v2/preflight/run_status_ledger_initial.csv.gz,benchmark_v2/checkpoints/benchmark_v2_chunk_0030/,planned_not_attempted,false,false,false,false,python -m experiments.regression.scripts.run_benchmark_v2_chunk --chunk-id benchmark_v2_chunk_0030 --package-root . --dry-run
benchmark_v2_chunk_0031,31,6001,6200,200,1000,scf_2022_summary_extract|scf_2022_summary_extract:scf_2022_networth:iid|iid|0.01|811|c6f2bcf89bdd4adc|elastic_net|elastic_net_benchmark_v2_primary_v1|benchmark_v2_fold_local_preprocessing_v1,scf_2022_summary_extract|scf_2022_summary_extract:scf_2022_networth:iid|iid|0.15|607|6d96c4923fec373e|extra_trees|extra_trees_benchmark_v2_primary_v1|benchmark_v2_fold_local_preprocessing_v1,scf_2022_summary_extract|scf_2022_summary_extract:scf_2022_networth:iid|iid|0.01|811|c6f2bcf89bdd4adc|elastic_net|elastic_net_benchmark_v2_primary_v1|benchmark_v2_fold_local_preprocessing_v1|split_abs_benchmark_v2_v1,scf_2022_summary_extract|scf_2022_summary_extract:scf_2022_networth:iid|iid|0.15|607|6d96c4923fec373e|extra_trees|extra_trees_benchmark_v2_primary_v1|benchmark_v2_fold_local_preprocessing_v1|mondrian_abs_benchmark_v2_v1,scf_2022_summary_extract,scf_2022_summary_extract,scf_2022_summary_extract:scf_2022_networth:iid,scf_2022_summary_extract:scf_2022_networth:iid,atlas/benchmark_v2/preflight/run_grid_manifest_candidate.csv.gz,atlas/benchmark_v2/preflight/run_status_ledger_initial.csv.gz,benchmark_v2/checkpoints/benchmark_v2_chunk_0031/,planned_not_attempted,false,false,false,false,python -m experiments.regression.scripts.run_benchmark_v2_chunk --chunk-id benchmark_v2_chunk_0031 --package-root . --dry-run
benchmark_v2_chunk_0032,32,6201,6400,200,1000,scf_2022_summary_extract|scf_2022_summary_extract:scf_2022_networth:iid|iid|0.15|607|6d96c4923fec373e|knn|knn_benchmark_v2_primary_v1|benchmark_v2_fold_local_preprocessing_v1,stackoverflow_2025_developer_survey|stackoverflow_2025_developer_survey:stackoverflow_2025_compensation:grouped|grouped|0.05|503|be7adfd14fc2e5f8|elastic_net|elastic_net_benchmark_v2_primary_v1|benchmark_v2_fold_local_preprocessing_v1,scf_2022_summary_extract|scf_2022_summary_extract:scf_2022_networth:iid|iid|0.15|607|6d96c4923fec373e|knn|knn_benchmark_v2_primary_v1|benchmark_v2_fold_local_preprocessing_v1|split_abs_benchmark_v2_v1,stackoverflow_2025_developer_survey|stackoverflow_2025_developer_survey:stackoverflow_2025_compensation:grouped|grouped|0.05|503|be7adfd14fc2e5f8|elastic_net|elastic_net_benchmark_v2_primary_v1|benchmark_v2_fold_local_preprocessing_v1|mondrian_abs_benchmark_v2_v1,scf_2022_summary_extract,stackoverflow_2025_developer_survey,scf_2022_summary_extract:scf_2022_networth:iid,stackoverflow_2025_developer_survey:stackoverflow_2025_compensation:grouped,atlas/benchmark_v2/preflight/run_grid_manifest_candidate.csv.gz,atlas/benchmark_v2/preflight/run_status_ledger_initial.csv.gz,benchmark_v2/checkpoints/benchmark_v2_chunk_0032/,planned_not_attempted,false,false,false,false,python -m experiments.regression.scripts.run_benchmark_v2_chunk --chunk-id benchmark_v2_chunk_0032 --package-root . --dry-run
benchmark_v2_chunk_0033,33,6401,6600,200,1000,stackoverflow_2025_developer_survey|stackoverflow_2025_developer_survey:stackoverflow_2025_compensation:grouped|grouped|0.05|503|be7adfd14fc2e5f8|hist_gradient_boosting|hist_gradient_boosting_benchmark_v2_primary_v1|benchmark_v2_fold_local_preprocessing_v1,stackoverflow_2025_developer_survey|stackoverflow_2025_developer_survey:stackoverflow_2025_compensation:grouped|grouped|0.2|307|5c7d51da9653c5e5|knn|knn_benchmark_v2_primary_v1|benchmark_v2_fold_local_preprocessing_v1,stackoverflow_2025_developer_survey|stackoverflow_2025_developer_survey:stackoverflow_2025_compensation:grouped|grouped|0.05|503|be7adfd14fc2e5f8|hist_gradient_boosting|hist_gradient_boosting_benchmark_v2_primary_v1|benchmark_v2_fold_local_preprocessing_v1|split_abs_benchmark_v2_v1,stackoverflow_2025_developer_survey|stackoverflow_2025_developer_survey:stackoverflow_2025_compensation:grouped|grouped|0.2|307|5c7d51da9653c5e5|knn|knn_benchmark_v2_primary_v1|benchmark_v2_fold_local_preprocessing_v1|mondrian_abs_benchmark_v2_v1,stackoverflow_2025_developer_survey,stackoverflow_2025_developer_survey,stackoverflow_2025_developer_survey:stackoverflow_2025_compensation:grouped,stackoverflow_2025_developer_survey:stackoverflow_2025_compensation:grouped,atlas/benchmark_v2/preflight/run_grid_manifest_candidate.csv.gz,atlas/benchmark_v2/preflight/run_status_ledger_initial.csv.gz,benchmark_v2/checkpoints/benchmark_v2_chunk_0033/,planned_not_attempted,false,false,false,false,python -m experiments.regression.scripts.run_benchmark_v2_chunk --chunk-id benchmark_v2_chunk_0033 --package-root . --dry-run
benchmark_v2_chunk_0034,34,6601,6800,200,1000,stackoverflow_2025_developer_survey|stackoverflow_2025_developer_survey:stackoverflow_2025_compensation:grouped|grouped|0.2|307|5c7d51da9653c5e5|nystroem_svr|nystroem_svr_benchmark_v2_primary_v1|benchmark_v2_fold_local_preprocessing_v1,stackoverflow_2025_developer_survey|stackoverflow_2025_developer_survey:stackoverflow_2025_compensation:iid|iid|0.1|211|17d79701312487d0|hist_gradient_boosting|hist_gradient_boosting_benchmark_v2_primary_v1|benchmark_v2_fold_local_preprocessing_v1,stackoverflow_2025_developer_survey|stackoverflow_2025_developer_survey:stackoverflow_2025_compensation:grouped|grouped|0.2|307|5c7d51da9653c5e5|nystroem_svr|nystroem_svr_benchmark_v2_primary_v1|benchmark_v2_fold_local_preprocessing_v1|split_abs_benchmark_v2_v1,stackoverflow_2025_developer_survey|stackoverflow_2025_developer_survey:stackoverflow_2025_compensation:iid|iid|0.1|211|17d79701312487d0|hist_gradient_boosting|hist_gradient_boosting_benchmark_v2_primary_v1|benchmark_v2_fold_local_preprocessing_v1|mondrian_abs_benchmark_v2_v1,stackoverflow_2025_developer_survey,stackoverflow_2025_developer_survey,stackoverflow_2025_developer_survey:stackoverflow_2025_compensation:grouped,stackoverflow_2025_developer_survey:stackoverflow_2025_compensation:iid,atlas/benchmark_v2/preflight/run_grid_manifest_candidate.csv.gz,atlas/benchmark_v2/preflight/run_status_ledger_initial.csv.gz,benchmark_v2/checkpoints/benchmark_v2_chunk_0034/,planned_not_attempted,false,false,false,false,python -m experiments.regression.scripts.run_benchmark_v2_chunk --chunk-id benchmark_v2_chunk_0034 --package-root . --dry-run
benchmark_v2_chunk_0035,35,6801,7000,200,1000,stackoverflow_2025_developer_survey|stackoverflow_2025_developer_survey:stackoverflow_2025_compensation:iid|iid|0.1|211|17d79701312487d0|random_forest|random_forest_benchmark_v2_primary_v1|benchmark_v2_fold_local_preprocessing_v1,stackoverflow_2025_developer_survey|stackoverflow_2025_developer_survey:stackoverflow_2025_compensation:iid|iid|0.2|1009|2cede514feaef973|nystroem_svr|nystroem_svr_benchmark_v2_primary_v1|benchmark_v2_fold_local_preprocessing_v1,stackoverflow_2025_developer_survey|stackoverflow_2025_developer_survey:stackoverflow_2025_compensation:iid|iid|0.1|211|17d79701312487d0|random_forest|random_forest_benchmark_v2_primary_v1|benchmark_v2_fold_local_preprocessing_v1|split_abs_benchmark_v2_v1,stackoverflow_2025_developer_survey|stackoverflow_2025_developer_survey:stackoverflow_2025_compensation:iid|iid|0.2|1009|2cede514feaef973|nystroem_svr|nystroem_svr_benchmark_v2_primary_v1|benchmark_v2_fold_local_preprocessing_v1|mondrian_abs_benchmark_v2_v1,stackoverflow_2025_developer_survey,stackoverflow_2025_developer_survey,stackoverflow_2025_developer_survey:stackoverflow_2025_compensation:iid,stackoverflow_2025_developer_survey:stackoverflow_2025_compensation:iid,atlas/benchmark_v2/preflight/run_grid_manifest_candidate.csv.gz,atlas/benchmark_v2/preflight/run_status_ledger_initial.csv.gz,benchmark_v2/checkpoints/benchmark_v2_chunk_0035/,planned_not_attempted,false,false,false,false,python -m experiments.regression.scripts.run_benchmark_v2_chunk --chunk-id benchmark_v2_chunk_0035 --package-root . --dry-run
benchmark_v2_chunk_0036,36,7001,7200,200,1000,uci_bike_sharing_hourly|uci_bike_sharing_hourly:uci_bike_sharing:iid|iid|0.01|101|3a01ae34385cecd9|ridge|ridge_benchmark_v2_primary_v1|benchmark_v2_fold_local_preprocessing_v1,uci_bike_sharing_hourly|uci_bike_sharing_hourly:uci_bike_sharing:iid|iid|0.1|907|ebbac4c455cf07be|random_forest|random_forest_benchmark_v2_primary_v1|benchmark_v2_fold_local_preprocessing_v1,uci_bike_sharing_hourly|uci_bike_sharing_hourly:uci_bike_sharing:iid|iid|0.01|101|3a01ae34385cecd9|ridge|ridge_benchmark_v2_primary_v1|benchmark_v2_fold_local_preprocessing_v1|split_abs_benchmark_v2_v1,uci_bike_sharing_hourly|uci_bike_sharing_hourly:uci_bike_sharing:iid|iid|0.1|907|ebbac4c455cf07be|random_forest|random_forest_benchmark_v2_primary_v1|benchmark_v2_fold_local_preprocessing_v1|mondrian_abs_benchmark_v2_v1,uci_bike_sharing_hourly,uci_bike_sharing_hourly,uci_bike_sharing_hourly:uci_bike_sharing:iid,uci_bike_sharing_hourly:uci_bike_sharing:iid,atlas/benchmark_v2/preflight/run_grid_manifest_candidate.csv.gz,atlas/benchmark_v2/preflight/run_status_ledger_initial.csv.gz,benchmark_v2/checkpoints/benchmark_v2_chunk_0036/,planned_not_attempted,false,false,false,false,python -m experiments.regression.scripts.run_benchmark_v2_chunk --chunk-id benchmark_v2_chunk_0036 --package-root . --dry-run
benchmark_v2_chunk_0037,37,7201,7400,200,1000,uci_bike_sharing_hourly|uci_bike_sharing_hourly:uci_bike_sharing:iid|iid|0.1|907|ebbac4c455cf07be|extra_trees|extra_trees_benchmark_v2_primary_v1|benchmark_v2_fold_local_preprocessing_v1,uci_bike_sharing_hourly|uci_bike_sharing_hourly:uci_bike_sharing:temporal|temporal|0.01|811|a30f15432f139d70|ridge|ridge_benchmark_v2_primary_v1|benchmark_v2_fold_local_preprocessing_v1,uci_bike_sharing_hourly|uci_bike_sharing_hourly:uci_bike_sharing:iid|iid|0.1|907|ebbac4c455cf07be|extra_trees|extra_trees_benchmark_v2_primary_v1|benchmark_v2_fold_local_preprocessing_v1|split_abs_benchmark_v2_v1,uci_bike_sharing_hourly|uci_bike_sharing_hourly:uci_bike_sharing:temporal|temporal|0.01|811|a30f15432f139d70|ridge|ridge_benchmark_v2_primary_v1|benchmark_v2_fold_local_preprocessing_v1|mondrian_abs_benchmark_v2_v1,uci_bike_sharing_hourly,uci_bike_sharing_hourly,uci_bike_sharing_hourly:uci_bike_sharing:iid,uci_bike_sharing_hourly:uci_bike_sharing:temporal,atlas/benchmark_v2/preflight/run_grid_manifest_candidate.csv.gz,atlas/benchmark_v2/preflight/run_status_ledger_initial.csv.gz,benchmark_v2/checkpoints/benchmark_v2_chunk_0037/,planned_not_attempted,false,false,false,false,python -m experiments.regression.scripts.run_benchmark_v2_chunk --chunk-id benchmark_v2_chunk_0037 --package-root . --dry-run
benchmark_v2_chunk_0038,38,7401,7600,200,1000,uci_bike_sharing_hourly|uci_bike_sharing_hourly:uci_bike_sharing:temporal|temporal|0.01|811|a30f15432f139d70|elastic_net|elastic_net_benchmark_v2_primary_v1|benchmark_v2_fold_local_preprocessing_v1,uci_bike_sharing_hourly|uci_bike_sharing_hourly:uci_bike_sharing:temporal|temporal|0.15|607|9239e9676ac816af|extra_trees|extra_trees_benchmark_v2_primary_v1|benchmark_v2_fold_local_preprocessing_v1,uci_bike_sharing_hourly|uci_bike_sharing_hourly:uci_bike_sharing:temporal|temporal|0.01|811|a30f15432f139d70|elastic_net|elastic_net_benchmark_v2_primary_v1|benchmark_v2_fold_local_preprocessing_v1|split_abs_benchmark_v2_v1,uci_bike_sharing_hourly|uci_bike_sharing_hourly:uci_bike_sharing:temporal|temporal|0.15|607|9239e9676ac816af|extra_trees|extra_trees_benchmark_v2_primary_v1|benchmark_v2_fold_local_preprocessing_v1|mondrian_abs_benchmark_v2_v1,uci_bike_sharing_hourly,uci_bike_sharing_hourly,uci_bike_sharing_hourly:uci_bike_sharing:temporal,uci_bike_sharing_hourly:uci_bike_sharing:temporal,atlas/benchmark_v2/preflight/run_grid_manifest_candidate.csv.gz,atlas/benchmark_v2/preflight/run_status_ledger_initial.csv.gz,benchmark_v2/checkpoints/benchmark_v2_chunk_0038/,planned_not_attempted,false,false,false,false,python -m experiments.regression.scripts.run_benchmark_v2_chunk --chunk-id benchmark_v2_chunk_0038 --package-root . --dry-run
benchmark_v2_chunk_0039,39,7601,7800,200,1000,uci_bike_sharing_hourly|uci_bike_sharing_hourly:uci_bike_sharing:temporal|temporal|0.15|607|9239e9676ac816af|knn|knn_benchmark_v2_primary_v1|benchmark_v2_fold_local_preprocessing_v1,uci_wine_quality|uci_wine_quality:uci_wine_quality:iid|iid|0.05|503|f98ba5a4fa6f7d1f|elastic_net|elastic_net_benchmark_v2_primary_v1|benchmark_v2_fold_local_preprocessing_v1,uci_bike_sharing_hourly|uci_bike_sharing_hourly:uci_bike_sharing:temporal|temporal|0.15|607|9239e9676ac816af|knn|knn_benchmark_v2_primary_v1|benchmark_v2_fold_local_preprocessing_v1|split_abs_benchmark_v2_v1,uci_wine_quality|uci_wine_quality:uci_wine_quality:iid|iid|0.05|503|f98ba5a4fa6f7d1f|elastic_net|elastic_net_benchmark_v2_primary_v1|benchmark_v2_fold_local_preprocessing_v1|mondrian_abs_benchmark_v2_v1,uci_bike_sharing_hourly,uci_wine_quality,uci_bike_sharing_hourly:uci_bike_sharing:temporal,uci_wine_quality:uci_wine_quality:iid,atlas/benchmark_v2/preflight/run_grid_manifest_candidate.csv.gz,atlas/benchmark_v2/preflight/run_status_ledger_initial.csv.gz,benchmark_v2/checkpoints/benchmark_v2_chunk_0039/,planned_not_attempted,false,false,false,false,python -m experiments.regression.scripts.run_benchmark_v2_chunk --chunk-id benchmark_v2_chunk_0039 --package-root . --dry-run
benchmark_v2_chunk_0040,40,7801,8000,200,1000,uci_wine_quality|uci_wine_quality:uci_wine_quality:iid|iid|0.05|503|f98ba5a4fa6f7d1f|hist_gradient_boosting|hist_gradient_boosting_benchmark_v2_primary_v1|benchmark_v2_fold_local_preprocessing_v1,uci_wine_quality|uci_wine_quality:uci_wine_quality:iid|iid|0.2|307|5e590243f00746df|knn|knn_benchmark_v2_primary_v1|benchmark_v2_fold_local_preprocessing_v1,uci_wine_quality|uci_wine_quality:uci_wine_quality:iid|iid|0.05|503|f98ba5a4fa6f7d1f|hist_gradient_boosting|hist_gradient_boosting_benchmark_v2_primary_v1|benchmark_v2_fold_local_preprocessing_v1|split_abs_benchmark_v2_v1,uci_wine_quality|uci_wine_quality:uci_wine_quality:iid|iid|0.2|307|5e590243f00746df|knn|knn_benchmark_v2_primary_v1|benchmark_v2_fold_local_preprocessing_v1|mondrian_abs_benchmark_v2_v1,uci_wine_quality,uci_wine_quality,uci_wine_quality:uci_wine_quality:iid,uci_wine_quality:uci_wine_quality:iid,atlas/benchmark_v2/preflight/run_grid_manifest_candidate.csv.gz,atlas/benchmark_v2/preflight/run_status_ledger_initial.csv.gz,benchmark_v2/checkpoints/benchmark_v2_chunk_0040/,planned_not_attempted,false,false,false,false,python -m experiments.regression.scripts.run_benchmark_v2_chunk --chunk-id benchmark_v2_chunk_0040 --package-root . --dry-run
benchmark_v2_chunk_0041,41,8001,8200,200,1000,uci_wine_quality|uci_wine_quality:uci_wine_quality:iid|iid|0.2|307|5e590243f00746df|nystroem_svr|nystroem_svr_benchmark_v2_primary_v1|benchmark_v2_fold_local_preprocessing_v1,uci_wine_quality|uci_wine_quality:uci_wine_quality_dedup:covariate_shift|covariate_shift|0.1|211|749ec5702f703153|hist_gradient_boosting|hist_gradient_boosting_benchmark_v2_primary_v1|benchmark_v2_fold_local_preprocessing_v1,uci_wine_quality|uci_wine_quality:uci_wine_quality:iid|iid|0.2|307|5e590243f00746df|nystroem_svr|nystroem_svr_benchmark_v2_primary_v1|benchmark_v2_fold_local_preprocessing_v1|split_abs_benchmark_v2_v1,uci_wine_quality|uci_wine_quality:uci_wine_quality_dedup:covariate_shift|covariate_shift|0.1|211|749ec5702f703153|hist_gradient_boosting|hist_gradient_boosting_benchmark_v2_primary_v1|benchmark_v2_fold_local_preprocessing_v1|mondrian_abs_benchmark_v2_v1,uci_wine_quality,uci_wine_quality,uci_wine_quality:uci_wine_quality:iid,uci_wine_quality:uci_wine_quality_dedup:covariate_shift,atlas/benchmark_v2/preflight/run_grid_manifest_candidate.csv.gz,atlas/benchmark_v2/preflight/run_status_ledger_initial.csv.gz,benchmark_v2/checkpoints/benchmark_v2_chunk_0041/,planned_not_attempted,false,false,false,false,python -m experiments.regression.scripts.run_benchmark_v2_chunk --chunk-id benchmark_v2_chunk_0041 --package-root . --dry-run
benchmark_v2_chunk_0042,42,8201,8400,200,1000,uci_wine_quality|uci_wine_quality:uci_wine_quality_dedup:covariate_shift|covariate_shift|0.1|211|749ec5702f703153|random_forest|random_forest_benchmark_v2_primary_v1|benchmark_v2_fold_local_preprocessing_v1,uci_wine_quality|uci_wine_quality:uci_wine_quality_dedup:covariate_shift|covariate_shift|0.2|1009|14e8a64c5e69bd3e|nystroem_svr|nystroem_svr_benchmark_v2_primary_v1|benchmark_v2_fold_local_preprocessing_v1,uci_wine_quality|uci_wine_quality:uci_wine_quality_dedup:covariate_shift|covariate_shift|0.1|211|749ec5702f703153|random_forest|random_forest_benchmark_v2_primary_v1|benchmark_v2_fold_local_preprocessing_v1|split_abs_benchmark_v2_v1,uci_wine_quality|uci_wine_quality:uci_wine_quality_dedup:covariate_shift|covariate_shift|0.2|1009|14e8a64c5e69bd3e|nystroem_svr|nystroem_svr_benchmark_v2_primary_v1|benchmark_v2_fold_local_preprocessing_v1|mondrian_abs_benchmark_v2_v1,uci_wine_quality,uci_wine_quality,uci_wine_quality:uci_wine_quality_dedup:covariate_shift,uci_wine_quality:uci_wine_quality_dedup:covariate_shift,atlas/benchmark_v2/preflight/run_grid_manifest_candidate.csv.gz,atlas/benchmark_v2/preflight/run_status_ledger_initial.csv.gz,benchmark_v2/checkpoints/benchmark_v2_chunk_0042/,planned_not_attempted,false,false,false,false,python -m experiments.regression.scripts.run_benchmark_v2_chunk --chunk-id benchmark_v2_chunk_0042 --package-root . --dry-run
